state,year,percent_broadband,percent_internet_connection,percent_over_60
Alabama,2000,0.021,0.33899999999999997,0.1731195610622653
Alabama,2001,0.055,0.359,0.17420255464597742
Alabama,2002,0.102,0.382,0.17528554822968956
Alabama,2003,0.14800000000000002,0.406,0.17636854181340167
Alabama,2004,0.214,0.441,0.1774515353971138
Alabama,2005,0.28,0.475,0.17853452898082592
Alabama,2006,0.34600000000000003,0.51,0.18244434152419098
Alabama,2007,0.41200000000000003,0.545,0.18663262927004348
Alabama,2008,0.47600000000000003,0.5820000000000001,0.1912696540037324
Alabama,2009,0.539,0.619,0.19326787730307338
Alabama,2010,0.619,0.662,0.18908614281006592
Alabama,2011,0.648,0.695,0.19305817217927027
Alabama,2012,0.7,0.7190000000000001,0.19728756212157178
Alabama,2013,0.682,0.6940000000000001,0.20137491542996996
Alabama,2014,0.7040000000000001,0.71,0.20575555277874527
Alabama,2015,0.6844987393828826,0.688592875827967,0.21045393758979178
Alabama,2016,0.7478374368205897,0.7511538349424944,0.2147737610211098
Alabama,2017,0.7037376852313899,0.7085137839009638,0.21968157226964538
Alabama,2018,0.7347192971010388,0.7384491167675212,0.22464704769892366
Alabama,2019,0.7649925234018037,0.7683127459656415,0.22982291720071776
Alabama,2020,0.7999473501527009,0.8031838958244197,0.2348465805305582
Alaska,2000,0.048,0.516,0.08458014585313878
Alaska,2001,0.133,0.5670000000000001,0.08894491652792744
Alaska,2002,0.179,0.574,0.09330968720271608
Alaska,2003,0.225,0.581,0.09767445787750474
Alaska,2004,0.335,0.63,0.10203922855229339
Alaska,2005,0.445,0.68,0.10640399922708205
Alaska,2006,0.555,0.7290000000000001,0.10717361163967626
Alaska,2007,0.665,0.778,0.1114812766467977
Alaska,2008,0.735,0.809,0.11308289608082846
Alaska,2009,0.805,0.84,0.11711404735759293
Alaska,2010,0.778,0.8220000000000001,0.11763931428306874
Alaska,2011,0.77,0.8,0.12219014332748683
Alaska,2012,0.8270000000000001,0.833,0.12794685708419873
Alaska,2013,0.823,0.83,0.13387180070968852
Alaska,2014,0.858,0.863,0.14
Alaska,2015,0.8177884415415679,0.8217199272538321,0.14518356911539118
Alaska,2016,0.8580844609320013,0.8632821932804224,0.15118035434379898
Alaska,2017,0.8294895480364395,0.8342731333354453,0.15847894227319193
Alaska,2018,0.8438455885157354,0.8478193969904759,0.16557664288925358
Alaska,2019,0.8559491974798527,0.8593820308984551,0.17243456506048288
Alaska,2020,0.873672327418881,0.876440689257876,0.17959673808328472
Arizona,2000,0.052000000000000005,0.37200000000000005,0.16986913113238292
Arizona,2001,0.129,0.419,0.17026102238112306
Arizona,2002,0.177,0.449,0.1706529136298632
Arizona,2003,0.225,0.48,0.17104480487860335
Arizona,2004,0.307,0.517,0.1714366961273435
Arizona,2005,0.389,0.5539999999999999,0.17182858737608364
Arizona,2006,0.47100000000000003,0.591,0.17262992275130798
Arizona,2007,0.5529999999999999,0.628,0.1775198757484711
Arizona,2008,0.625,0.685,0.18104990938712467
Arizona,2009,0.696,0.741,0.18313093618372236
Arizona,2010,0.7829999999999999,0.794,0.18484424705321878
Arizona,2011,0.742,0.76,0.18938904180012758
Arizona,2012,0.726,0.738,0.1943094806581023
Arizona,2013,0.758,0.7659999999999999,0.19971733272342884
Arizona,2014,0.782,0.7859999999999999,0.20499927150981573
Arizona,2015,0.7818219686828846,0.7853117001650015,0.2105884014400638
Arizona,2016,0.831791798599261,0.8349009865616113,0.21679962940158076
Arizona,2017,0.7952746098056738,0.7995718505860063,0.2206607805700662
Arizona,2018,0.818555084615567,0.8220084775977499,0.22559652553700074
Arizona,2019,0.8412352467200983,0.8441146547151055,0.23061816243538041
Arizona,2020,0.8660109123273365,0.868615019122882,0.23559784245024856
Arkansas,2000,0.019,0.262,0.1838142440338146
Arkansas,2001,0.045,0.32799999999999996,0.18400077501872505
Arkansas,2002,0.08800000000000001,0.35,0.1841873060036355
Arkansas,2003,0.132,0.373,0.18437383698854598
Arkansas,2004,0.203,0.418,0.18456036797345643
Arkansas,2005,0.27399999999999997,0.46299999999999997,0.18474689895836688
Arkansas,2006,0.345,0.508,0.18853651108979705
Arkansas,2007,0.41600000000000004,0.5529999999999999,0.19333624241876932
Arkansas,2008,0.493,0.594,0.19852909760137843
Arkansas,2009,0.5710000000000001,0.635,0.1964117738669989
Arkansas,2010,0.595,0.649,0.19631605843176625
Arkansas,2011,0.6559999999999999,0.682,0.19936510852479758
Arkansas,2012,0.7240000000000001,0.746,0.2022074001533412
Arkansas,2013,0.653,0.6659999999999999,0.20505193857301962
Arkansas,2014,0.69,0.698,0.2089031148584544
Arkansas,2015,0.6447272154672622,0.6501171087036097,0.2122866275799403
Arkansas,2016,0.7104922493058006,0.713252963548312,0.21599900554898277
Arkansas,2017,0.6690544562520556,0.6742099432489229,0.22013577152558947
Arkansas,2018,0.7000049394921163,0.7039112981968885,0.2238507679380313
Arkansas,2019,0.7316589899236966,0.7348832670881146,0.22815924677515612
Arkansas,2020,0.7702756557710083,0.7725698478656078,0.2318763108537445
California,2000,0.057999999999999996,0.401,0.1400138251318625
California,2001,0.121,0.428,0.14097377785118906
California,2002,0.174,0.445,0.14193373057051561
California,2003,0.22699999999999998,0.46299999999999997,0.14289368328984217
California,2004,0.317,0.518,0.14385363600916873
California,2005,0.406,0.574,0.14481358872849528
California,2006,0.495,0.629,0.14738994110657302
California,2007,0.585,0.685,0.1519000449071306
California,2008,0.642,0.72,0.15629782635889772
California,2009,0.6990000000000001,0.7559999999999999,0.15913723473055758
California,2010,0.754,0.7809999999999999,0.15645679579466712
California,2011,0.7509999999999999,0.767,0.16042927626240222
California,2012,0.7959999999999999,0.809,0.1645124397362116
California,2013,0.802,0.809,0.1689077890461824
California,2014,0.8270000000000001,0.833,0.17340838187066357
California,2015,0.8139815491075721,0.8182900799039605,0.17787232157525285
California,2016,0.8544731081777793,0.8569641888422733,0.18265833736178672
California,2017,0.8264961924929151,0.83088893902978,0.1870643003575393
California,2018,0.847571460386753,0.8509011845726734,0.1917796119212971
California,2019,0.8669292262036561,0.8694260757945291,0.1966001652042332
California,2020,0.8893881265290565,0.8912105931460262,0.2007492599696798
Colorado,2000,0.054000000000000006,0.49200000000000005,0.13034735627528765
Colorado,2001,0.096,0.483,0.1313562701307152
Colorado,2002,0.158,0.505,0.1323651839861428
Colorado,2003,0.22,0.527,0.13337409784157037
Colorado,2004,0.317,0.574,0.13438301169699796
Colorado,2005,0.413,0.62,0.13539192555242552
Colorado,2006,0.509,0.6659999999999999,0.14365891870137798
Colorado,2007,0.605,0.713,0.14754947788909425
Colorado,2008,0.664,0.7390000000000001,0.1527747185115122
Colorado,2009,0.723,0.765,0.15773069614635402
Colorado,2010,0.752,0.778,0.1549233782840034
Colorado,2011,0.815,0.828,0.1597032336090918
Colorado,2012,0.851,0.858,0.16444917192708175
Colorado,2013,0.8270000000000001,0.836,0.16980155016409376
Colorado,2014,0.8440000000000001,0.8540000000000001,0.17511861289292324
Colorado,2015,0.8305660464069758,0.8356397323031616,0.18026064491392724
Colorado,2016,0.8699416307155498,0.8737173967468819,0.18528873667152115
Colorado,2017,0.8395514042100997,0.8454150262349036,0.18967946217055437
Colorado,2018,0.8577401883284947,0.862423682931711,0.19377611237898293
Colorado,2019,0.8767337968236094,0.8800652770552174,0.19824328219153567
Colorado,2020,0.8967628325996418,0.899418078583252,0.2014450144117971
Connecticut,2000,0.036000000000000004,0.483,0.17672104335110328
Connecticut,2001,0.13,0.496,0.17720467595701744
Connecticut,2002,0.204,0.528,0.17768830856293164
Connecticut,2003,0.27899999999999997,0.56,0.1781719411688458
Connecticut,2004,0.379,0.605,0.17865557377476
Connecticut,2005,0.479,0.6509999999999999,0.17913920638067415
Connecticut,2006,0.579,0.696,0.18257913626676947
Connecticut,2007,0.679,0.742,0.18600271991991568
Connecticut,2008,0.7290000000000001,0.779,0.19054926637671324
Connecticut,2009,0.778,0.8170000000000001,0.1941151491861951
Connecticut,2010,0.8170000000000001,0.83,0.19229902558972678
Connecticut,2011,0.831,0.843,0.19639578974821903
Connecticut,2012,0.836,0.84,0.20028508938296793
Connecticut,2013,0.8340000000000001,0.8390000000000001,0.20399736463255405
Connecticut,2014,0.855,0.86,0.20756319575462834
Connecticut,2015,0.8209117871368825,0.8246591694742067,0.2118761379063136
Connecticut,2016,0.8419522030169984,0.845569301295469,0.2168822121346386
Connecticut,2017,0.8214499973880517,0.8254957756718353,0.22410625409308388
Connecticut,2018,0.8386936623927204,0.8422223912404361,0.22993943326602456
Connecticut,2019,0.8557831118498908,0.8589702249723873,0.23590616585838503
Connecticut,2020,0.8733239230958493,0.8758875358460905,0.24053471889056838
Delaware,2000,0.049,0.494,0.1709099030117407
Delaware,2001,0.061,0.466,0.17268769211010854
Delaware,2002,0.107,0.47,0.17446548120847638
Delaware,2003,0.152,0.473,0.17624327030684425
Delaware,2004,0.249,0.53,0.1780210594052121
Delaware,2005,0.34700000000000003,0.586,0.17979884850357994
Delaware,2006,0.444,0.642,0.18593375794984277
Delaware,2007,0.541,0.6990000000000001,0.18990383503476094
Delaware,2008,0.628,0.73,0.19632753478442133
Delaware,2009,0.715,0.7609999999999999,0.1995510223449423
Delaware,2010,0.7390000000000001,0.772,0.19579860157634707
Delaware,2011,0.7490000000000001,0.769,0.20078553660748763
Delaware,2012,0.7809999999999999,0.7879999999999999,0.20485018291781973
Delaware,2013,0.779,0.7859999999999999,0.20991451335577457
Delaware,2014,0.787,0.794,0.21445815977144353
Delaware,2015,0.7753630102368149,0.7799997163884911,0.22143571078542484
Delaware,2016,0.8338207659884128,0.8358801999515787,0.2269488977687909
Delaware,2017,0.7972206538733875,0.80161597470747,0.23389267291985436
Delaware,2018,0.8250381311774065,0.828311880703814,0.2409228063338933
Delaware,2019,0.8499419756019684,0.8523348434721817,0.2497618172093334
Delaware,2020,0.874262962963968,0.8764910918633897,0.25682896911062447
District of Columbia,2015,0.7685044956464784,0.7717389375663178,0.16288124494195996
District of Columbia,2016,0.7982309039254998,0.7993393566371901,0.16388850531631585
District of Columbia,2017,0.7766089572999181,0.7795168804072162,0.16809564672935837
District of Columbia,2018,0.800580055198751,0.8025856491849198,0.168263457307399
District of Columbia,2019,0.826576850699185,0.8282193919531904,0.16902536946915112
District of Columbia,2020,0.8563317088138961,0.8571522717103643,0.17088239735374813
Florida,2000,0.051,0.415,0.22181261136484196
Florida,2001,0.09,0.441,0.2208921096376969
Florida,2002,0.145,0.462,0.21997160791055184
Florida,2003,0.19899999999999998,0.48200000000000004,0.21905110618340676
Florida,2004,0.295,0.536,0.2181306044562617
Florida,2005,0.39,0.59,0.21721010272911664
Florida,2006,0.485,0.643,0.2193630375509767
Florida,2007,0.581,0.6970000000000001,0.22430784577247698
Florida,2008,0.644,0.7240000000000001,0.22958456685111692
Florida,2009,0.708,0.7509999999999999,0.22992124973345246
Florida,2010,0.745,0.762,0.2267600566563056
Florida,2011,0.775,0.7859999999999999,0.23070207820336333
Florida,2012,0.805,0.8140000000000001,0.23481653735167182
Florida,2013,0.779,0.787,0.2388117827961806
Florida,2014,0.792,0.7979999999999999,0.24293376356899196
Florida,2015,0.7759873196266232,0.7802559872569134,0.24781235372170662
Florida,2016,0.8123791220540314,0.8158106417994638,0.2528171957181063
Florida,2017,0.7871410247324954,0.7915669557849531,0.25643640264957174
Florida,2018,0.8084814118910326,0.8118917415400118,0.2611281048253922
Florida,2019,0.8304094048629149,0.8330285584434235,0.26555036170374413
Florida,2020,0.8546407161990309,0.8566502166791299,0.269587382223738
Georgia,2000,0.027999999999999997,0.345,0.13083566228255386
Georgia,2001,0.07200000000000001,0.39299999999999996,0.13118564064910884
Georgia,2002,0.124,0.424,0.13153561901566385
Georgia,2003,0.175,0.45399999999999996,0.13188559738221883
Georgia,2004,0.27699999999999997,0.505,0.13223557574877384
Georgia,2005,0.379,0.556,0.13258555411532882
Georgia,2006,0.48,0.607,0.13904968004390458
Georgia,2007,0.5820000000000001,0.657,0.14403928861415963
Georgia,2008,0.637,0.695,0.14797655193034215
Georgia,2009,0.691,0.732,0.15066438191224096
Georgia,2010,0.737,0.7559999999999999,0.15016894933526528
Georgia,2011,0.718,0.753,0.1544894221326724
Georgia,2012,0.785,0.794,0.15888105792444318
Georgia,2013,0.759,0.7659999999999999,0.16334657334137784
Georgia,2014,0.7709999999999999,0.7759999999999999,0.16830067272548901
Georgia,2015,0.7489076629254906,0.7520483906742329,0.1729082724932203
Georgia,2016,0.807124094354243,0.8096328539242323,0.17778850457258508
Georgia,2017,0.7688242513515671,0.7724260627052904,0.18263288188608984
Georgia,2018,0.7910983747035942,0.7937426944095789,0.187511143498742
Georgia,2019,0.813812721413641,0.8158621452921918,0.19217756662511473
Georgia,2020,0.8444520008385699,0.8459967772456416,0.19635339590944925
Hawaii,2000,0.071,0.363,0.1708581743685913
Hawaii,2001,0.14800000000000002,0.39799999999999996,0.1740557605474366
Hawaii,2002,0.204,0.408,0.1772533467262819
Hawaii,2003,0.26,0.418,0.18045093290512723
Hawaii,2004,0.35600000000000004,0.49,0.18364851908397253
Hawaii,2005,0.452,0.562,0.18684610526281784
Hawaii,2006,0.5479999999999999,0.634,0.18972647176425012
Hawaii,2007,0.644,0.705,0.19637864776669253
Hawaii,2008,0.705,0.7509999999999999,0.20119888402248723
Hawaii,2009,0.7659999999999999,0.7959999999999999,0.20314118985961774
Hawaii,2010,0.7709999999999999,0.79,0.1972876241666298
Hawaii,2011,0.746,0.762,0.20174163085921545
Hawaii,2012,0.848,0.851,0.20663447638196855
Hawaii,2013,0.8290000000000001,0.84,0.21026332959867702
Hawaii,2014,0.8490000000000001,0.856,0.21412231170442536
Hawaii,2015,0.822573726676821,0.8265625560618564,0.21745375627800348
Hawaii,2016,0.83237046589789,0.8354677231128309,0.2237872549026543
Hawaii,2017,0.8194943306317185,0.824222506158041,0.22992731022510338
Hawaii,2018,0.8337592757429267,0.837160833833207,0.2361934953506574
Hawaii,2019,0.8483927400162558,0.8510286793898447,0.2416858519900935
Hawaii,2020,0.8712421601577268,0.8734410127967311,0.2475673802914496
Idaho,2000,0.022000000000000002,0.42200000000000004,0.14948069983994783
Idaho,2001,0.062,0.423,0.15090695528508233
Idaho,2002,0.09300000000000001,0.456,0.15233321073021683
Idaho,2003,0.125,0.489,0.15375946617535136
Idaho,2004,0.21899999999999997,0.519,0.15518572162048586
Idaho,2005,0.314,0.5489999999999999,0.15661197706562036
Idaho,2006,0.408,0.579,0.1610300961836798
Idaho,2007,0.503,0.609,0.16487573045787587
Idaho,2008,0.62,0.6920000000000001,0.16818106648046746
Idaho,2009,0.738,0.775,0.17253126372670222
Idaho,2010,0.7659999999999999,0.7959999999999999,0.1697514469834562
Idaho,2011,0.775,0.802,0.17423694521308888
Idaho,2012,0.85,0.8690000000000001,0.179621419272702
Idaho,2013,0.782,0.795,0.18546588150292667
Idaho,2014,0.789,0.8,0.19100461154486753
Idaho,2015,0.768624375778325,0.775941923702046,0.1965844482096716
Idaho,2016,0.7950446139925997,0.8003706177398866,0.20256034455876337
Idaho,2017,0.7739125363988003,0.7816815623748202,0.2064397013349423
Idaho,2018,0.798710388836658,0.8047938725375244,0.210503676660096
Idaho,2019,0.8280532971674707,0.8331513250625389,0.21497540387134334
Idaho,2020,0.8604518526352797,0.8644954019642722,0.21884246568705407
Illinois,2000,0.026000000000000002,0.39,0.15805336100855338
Illinois,2001,0.06,0.406,0.15807086392826813
Illinois,2002,0.11599999999999999,0.423,0.1580883668479829
Illinois,2003,0.17300000000000001,0.441,0.15810586976769767
Illinois,2004,0.27399999999999997,0.503,0.15812337268741242
Illinois,2005,0.374,0.565,0.15814087560712717
Illinois,2006,0.475,0.627,0.16171039988403962
Illinois,2007,0.5760000000000001,0.6890000000000001,0.16579794138874251
Illinois,2008,0.63,0.715,0.1683671064996461
Illinois,2009,0.684,0.741,0.17327739190911767
Illinois,2010,0.736,0.757,0.17073273495081623
Illinois,2011,0.763,0.7829999999999999,0.17485036569456167
Illinois,2012,0.821,0.83,0.17872270907511467
Illinois,2013,0.789,0.7979999999999999,0.18308387076086538
Illinois,2014,0.8029999999999999,0.8079999999999999,0.1873560805881101
Illinois,2015,0.7706600196100171,0.7750059807826556,0.1921280036191444
Illinois,2016,0.8206892131821468,0.8242998926181957,0.19716404480533445
Illinois,2017,0.7851473569952062,0.7899198746817443,0.2034017434793006
Illinois,2018,0.8065019042107178,0.8102348263098551,0.20868748789630415
Illinois,2019,0.8277067009254165,0.8307281639343856,0.21425605359672517
Illinois,2020,0.8539486541164014,0.8563922522671196,0.21886679033079473
Indiana,2000,0.036000000000000004,0.405,0.16257025549771112
Indiana,2001,0.044000000000000004,0.423,0.16274982625483544
Indiana,2002,0.081,0.445,0.16292939701195977
Indiana,2003,0.11699999999999999,0.466,0.16310896776908412
Indiana,2004,0.205,0.512,0.16328853852620845
Indiana,2005,0.293,0.5579999999999999,0.16346810928333277
Indiana,2006,0.381,0.604,0.16879490363537297
Indiana,2007,0.469,0.65,0.1723533790186704
Indiana,2008,0.5489999999999999,0.6709999999999999,0.17778249627712492
Indiana,2009,0.629,0.693,0.18023394575184962
Indiana,2010,0.639,0.6629999999999999,0.1769912042232693
Indiana,2011,0.6990000000000001,0.7290000000000001,0.18083236265569963
Indiana,2012,0.758,0.775,0.18498611524424372
Indiana,2013,0.748,0.7609999999999999,0.18888185028045879
Indiana,2014,0.7659999999999999,0.774,0.19309058999809092
Indiana,2015,0.7347428525231674,0.7403702294461985,0.19743737102553113
Indiana,2016,0.793324891440503,0.7978944210447366,0.20220445072506918
Indiana,2017,0.7522233181656981,0.758561936063888,0.2070052119475969
Indiana,2018,0.7769277556440473,0.7817268106027916,0.21208251511956594
Indiana,2019,0.8021835057438994,0.8060588565521808,0.21654760195586273
Indiana,2020,0.8321033774820626,0.8350972233428232,0.2199506547289915
Iowa,2000,0.038,0.387,0.18951182439128408
Iowa,2001,0.098,0.47,0.18907177009652634
Iowa,2002,0.138,0.49,0.18863171580176857
Iowa,2003,0.17800000000000002,0.51,0.18819166150701083
Iowa,2004,0.263,0.552,0.18775160721225306
Iowa,2005,0.34700000000000003,0.595,0.18731155291749532
Iowa,2006,0.43200000000000005,0.638,0.19253106467454817
Iowa,2007,0.516,0.68,0.1944149472883124
Iowa,2008,0.599,0.7070000000000001,0.19859539718979524
Iowa,2009,0.6809999999999999,0.735,0.19969001185894142
Iowa,2010,0.741,0.769,0.19918859968298563
Iowa,2011,0.736,0.774,0.20226523662501905
Iowa,2012,0.7879999999999999,0.8009999999999999,0.20583427340314459
Iowa,2013,0.785,0.797,0.2091862573480361
Iowa,2014,0.8009999999999999,0.812,0.2130147141953065
Iowa,2015,0.7524532173244466,0.7600479134479162,0.2167901611300503
Iowa,2016,0.7977515566107035,0.8039308231538257,0.22044853696449707
Iowa,2017,0.7679805367963443,0.7754826472310754,0.2239105712385291
Iowa,2018,0.7896280116661976,0.7958690541072757,0.2278841908648654
Iowa,2019,0.8091813720736234,0.8144148472547419,0.2323195226768016
Iowa,2020,0.8315468099031789,0.8359531563863632,0.2353985430527068
Kansas,2000,0.038,0.45,0.1691838843513174
Kansas,2001,0.105,0.46399999999999997,0.1686085315842667
Kansas,2002,0.174,0.47600000000000003,0.168033178817216
Kansas,2003,0.244,0.489,0.1674578260501653
Kansas,2004,0.331,0.532,0.1668824732831146
Kansas,2005,0.418,0.575,0.1663071205160639
Kansas,2006,0.504,0.619,0.1724200681964129
Kansas,2007,0.591,0.662,0.17577936863764623
Kansas,2008,0.657,0.7090000000000001,0.17871700639583973
Kansas,2009,0.723,0.757,0.18118759860320915
Kansas,2010,0.804,0.818,0.17947346145645454
Kansas,2011,0.784,0.804,0.1822121982278253
Kansas,2012,0.802,0.8079999999999999,0.1853784902617615
Kansas,2013,0.785,0.7929999999999999,0.18911323740711208
Kansas,2014,0.7979999999999999,0.804,0.1930337925164051
Kansas,2015,0.7635498078114962,0.7680027204470745,0.19663379061157205
Kansas,2016,0.8036548536733131,0.8074462787068165,0.20167050110892898
Kansas,2017,0.7762547980661119,0.780956786574719,0.2067662596166429
Kansas,2018,0.7973334524131672,0.8011069326458874,0.21148551830735676
Kansas,2019,0.8189700725263792,0.8221597606150047,0.2163862254917455
Kansas,2020,0.8453547795174083,0.8478456372018897,0.22116521247715543
Kentucky,2000,0.044000000000000004,0.37,0.1664877433618794
Kentucky,2001,0.026000000000000002,0.40299999999999997,0.16734854307921995
Kentucky,2002,0.076,0.419,0.16820934279656052
Kentucky,2003,0.125,0.435,0.16907014251390107
Kentucky,2004,0.204,0.47700000000000004,0.16993094223124164
Kentucky,2005,0.282,0.519,0.17079174194858218
Kentucky,2006,0.36,0.561,0.17616856003959988
Kentucky,2007,0.43799999999999994,0.602,0.1803248116103034
Kentucky,2008,0.517,0.63,0.1861045688406264
Kentucky,2009,0.596,0.657,0.1874114099468419
Kentucky,2010,0.631,0.664,0.18433707558959436
Kentucky,2011,0.6829999999999999,0.72,0.1884241109906303
Kentucky,2012,0.722,0.7390000000000001,0.19210712398854699
Kentucky,2013,0.743,0.752,0.19620927821837955
Kentucky,2014,0.743,0.75,0.20024903770516636
Kentucky,2015,0.7106122572086069,0.71580929139804494,0.20509292749524544
Kentucky,2016,0.7740940574282015,0.7775119840065762,0.20960410372736651
Kentucky,2017,0.7303254141344886,0.7352077164928785,0.2142562024565724
Kentucky,2018,0.7565304301440502,0.7605145194515356,0.2186431073887596
Kentucky,2019,0.7851254475203882,0.7883216938830336,0.22404975262145735
Kentucky,2020,0.8169103003143097,0.8193452944504543,0.2283715736968932
Louisiana,2000,0.028999999999999998,0.27899999999999997,0.15377482447880678
Louisiana,2001,0.055,0.33299999999999996,0.15505072605439332
Louisiana,2002,0.075,0.35100000000000003,0.15632662762997984
Louisiana,2003,0.096,0.369,0.1576025292055664
Louisiana,2004,0.195,0.43,0.1588784307811529
Louisiana,2005,0.294,0.49200000000000005,0.16015433235673945
Louisiana,2006,0.39299999999999996,0.5539999999999999,0.16845337714167372
Louisiana,2007,0.491,0.616,0.16994487101008943
Louisiana,2008,0.557,0.6409999999999999,0.1740465893231063
Louisiana,2009,0.623,0.6659999999999999,0.17511302124006806
Louisiana,2010,0.6679999999999999,0.6920000000000001,0.17221407061946664
Louisiana,2011,0.6809999999999999,0.705,0.17539461748616822
Louisiana,2012,0.657,0.6709999999999999,0.17867893558047557
Louisiana,2013,0.6990000000000001,0.7070000000000001,0.18198441845477026
Louisiana,2014,0.715,0.722,0.18568917653343836
Louisiana,2015,0.6886498247724762,0.692745530833623,0.19054352270027175
Louisiana,2016,0.7445069779719428,0.746906818394457,0.19524245157318534
Louisiana,2017,0.7034762684941356,0.7074523277194134,0.2008868520611623
Louisiana,2018,0.7287747459924061,0.7317831984751336,0.206752442739711
Louisiana,2019,0.7554744307467056,0.7576736263414079,0.21278858716368926
Louisiana,2020,0.7910356994630258,0.7927071227816224,0.21798921926263598
Maine,2000,0.061,0.44,0.1867555922985153
Maine,2001,0.105,0.49,0.18828041810187612
Maine,2002,0.15,0.503,0.18980524390523693
Maine,2003,0.19399999999999998,0.516,0.19133006970859776
Maine,2004,0.282,0.568,0.19285489551195856
Maine,2005,0.369,0.62,0.1943797213153194
Maine,2006,0.457,0.6709999999999999,0.19845199739098984
Maine,2007,0.545,0.723,0.2065491604584549
Maine,2008,0.618,0.75,0.2133531238415868
Maine,2009,0.691,0.778,0.2198769476773514
Maine,2010,0.745,0.802,0.21496687793984176
Maine,2011,0.78,0.813,0.22232024104601808
Maine,2012,0.8190000000000001,0.8390000000000001,0.22871917802035086
Maine,2013,0.787,0.7979999999999999,0.2357331064803662
Maine,2014,0.807,0.815,0.2426936437504469
Maine,2015,0.773455335260356,0.7806891087365606,0.24913023850726054
Maine,2016,0.8089094977315048,0.816905541135312,0.2552373332892205
Maine,2017,0.7790015539636446,0.7872382282817235,0.26220719643831786
Maine,2018,0.8014984952942141,0.809081523641946,0.2703522549675011
Maine,2019,0.8221357057024605,0.8287026205482559,0.2776242762966757
Maine,2020,0.8443519633541469,0.849904573953869,0.28388641321574404
Maryland,2000,0.049,0.43700000000000006,0.15123914232946145
Maryland,2001,0.091,0.505,0.15244972738206414
Maryland,2002,0.155,0.523,0.15366031243466685
Maryland,2003,0.21899999999999997,0.54,0.15487089748726954
Maryland,2004,0.316,0.583,0.15608148253987225
Maryland,2005,0.414,0.625,0.15729206759247494
Maryland,2006,0.512,0.6679999999999999,0.16146707274053743
Maryland,2007,0.61,0.711,0.16711116300461487
Maryland,2008,0.6809999999999999,0.748,0.17056775626655582
Maryland,2009,0.752,0.785,0.17478372580787224
Maryland,2010,0.7909999999999999,0.812,0.1703444424685456
Maryland,2011,0.8029999999999999,0.8140000000000001,0.17475884874955222
Maryland,2012,0.8220000000000001,0.8320000000000001,0.17904670576213344
Maryland,2013,0.831,0.8390000000000001,0.18353858792633013
Maryland,2014,0.8370000000000001,0.8420000000000001,0.18749473485404336
Maryland,2015,0.8150399966942519,0.8194072914973548,0.19214158985238777
Maryland,2016,0.8583126518285228,0.8611177054090913,0.19717169846081362
Maryland,2017,0.8291413833060681,0.8335389641798859,0.20211858449496747
Maryland,2018,0.8469336778776821,0.8502146846684953,0.20769542770097452
Maryland,2019,0.8645183310721026,0.8670204661337455,0.2134149259127328
Maryland,2020,0.88555577406041,0.8875373398304526,0.21784811376130742
Massachusetts,2000,0.079,0.445,0.17271227703719128
Massachusetts,2001,0.147,0.47700000000000004,0.1730921067858135
Massachusetts,2002,0.20600000000000002,0.5,0.17347193653443568
Massachusetts,2003,0.266,0.523,0.1738517662830579
Massachusetts,2004,0.375,0.583,0.1742315960316801
Massachusetts,2005,0.484,0.643,0.1746114257803023
Massachusetts,2006,0.594,0.703,0.18040984634141
Massachusetts,2007,0.703,0.763,0.18323331661435202
Massachusetts,2008,0.747,0.7909999999999999,0.18673225025611856
Massachusetts,2009,0.7909999999999999,0.82,0.19030551959047481
Massachusetts,2010,0.826,0.8390000000000001,0.18823188663561571
Massachusetts,2011,0.825,0.8340000000000001,0.19190409056686752
Massachusetts,2012,0.858,0.863,0.19576730464233807
Massachusetts,2013,0.85,0.855,0.19928530529179306
Massachusetts,2014,0.857,0.861,0.20293569861975388
Massachusetts,2015,0.8268688861665114,0.8306311331740334,0.20679490204137266
Massachusetts,2016,0.8555903598222995,0.8583677276635866,0.21182345138630254
Massachusetts,2017,0.8310553937771984,0.8347745207805192,0.21680893179419025
Massachusetts,2018,0.8474144493151113,0.8504312594497743,0.22135406715447134
Massachusetts,2019,0.864268066024081,0.8666569627395944,0.22616378560971648
Massachusetts,2020,0.8826200583988253,0.8844641818223031,0.23000630146676787
Michigan,2000,0.052000000000000005,0.425,0.16060481902398405
Michigan,2001,0.08800000000000001,0.44799999999999995,0.16184853321135456
Michigan,2002,0.147,0.456,0.16309224739872505
Michigan,2003,0.207,0.46399999999999997,0.16433596158609556
Michigan,2004,0.284,0.51,0.16557967577346605
Michigan,2005,0.36200000000000004,0.556,0.16682338996083657
Michigan,2006,0.439,0.602,0.17103150339210688
Michigan,2007,0.517,0.648,0.17712366243168318
Michigan,2008,0.601,0.695,0.18145560589166387
Michigan,2009,0.685,0.741,0.18822812299674804
Michigan,2010,0.716,0.7509999999999999,0.1847144394272622
Michigan,2011,0.757,0.794,0.1906385699040413
Michigan,2012,0.8009999999999999,0.81,0.19622079394871147
Michigan,2013,0.76,0.77,0.20191845212897508
Michigan,2014,0.78,0.787,0.2076446573494007
Michigan,2015,0.745854448799285,0.7503156640919396,0.21312922254686117
Michigan,2016,0.8057124268777082,0.8096372619719151,0.2185916686849116
Michigan,2017,0.764661412277893,0.7702084478762017,0.22442232021381547
Michigan,2018,0.7905733518028294,0.794706956807108,0.22984903421425162
Michigan,2019,0.8161776702188295,0.8194717666219996,0.2353242989524112
Michigan,2020,0.8443726762347664,0.8470890421283447,0.2406129313216977
Minnesota,2000,0.042,0.44799999999999995,0.15698369685082506
Minnesota,2001,0.081,0.504,0.15736896767415692
Minnesota,2002,0.146,0.53,0.1577542384974888
Minnesota,2003,0.212,0.557,0.15813950932082063
Minnesota,2004,0.308,0.601,0.1585247801441525
Minnesota,2005,0.405,0.6459999999999999,0.15891005096748437
Minnesota,2006,0.501,0.69,0.16487194657120113
Minnesota,2007,0.598,0.735,0.1688534042786113
Minnesota,2008,0.659,0.757,0.17364190780272673
Minnesota,2009,0.721,0.779,0.17777625866015725
Minnesota,2010,0.763,0.7909999999999999,0.1741968677853166
Minnesota,2011,0.8190000000000001,0.84,0.17868511743609078
Minnesota,2012,0.856,0.873,0.18315286365858152
Minnesota,2013,0.823,0.8340000000000001,0.18797828615452508
Minnesota,2014,0.84,0.848,0.1927337178176709
Minnesota,2015,0.7969461314792695,0.8039074877681438,0.19776142882370754
Minnesota,2016,0.8361028100782311,0.8416512117651165,0.2029408894143098
Minnesota,2017,0.8096770902733051,0.816863907798711,0.2076342909844709
Minnesota,2018,0.8299527504048884,0.8357464545869293,0.21241269336996083
Minnesota,2019,0.8488178709899844,0.8536202594890289,0.2177718285545221
Minnesota,2020,0.8708021696587466,0.8745817459152858,0.22226055441927972
Mississippi,2000,0.043,0.245,0.160702622248439
Mississippi,2001,0.040999999999999995,0.324,0.16147755997576976
Mississippi,2002,0.065,0.317,0.16225249770310052
Mississippi,2003,0.08900000000000001,0.309,0.16302743543043124
Mississippi,2004,0.163,0.364,0.163802373157762
Mississippi,2005,0.237,0.418,0.16457731088509275
Mississippi,2006,0.31,0.47200000000000003,0.16998769987699877
Mississippi,2007,0.384,0.526,0.17191742454480202
Mississippi,2008,0.41700000000000004,0.545,0.17510782279289108
Mississippi,2009,0.45,0.564,0.17797856094655956
Mississippi,2010,0.565,0.638,0.17601651398661655
Mississippi,2011,0.581,0.612,0.17970203267155951
Mississippi,2012,0.63,0.648,0.18386889156967537
Mississippi,2013,0.619,0.631,0.18795198449916556
Mississippi,2014,0.637,0.645,0.1918454468233398
Mississippi,2015,0.6118847358471489,0.615349370818321,0.19639427445239938
Mississippi,2016,0.7080035013885649,0.7114451841703742,0.20116707123530372
Mississippi,2017,0.6449659558598367,0.6493782589074538,0.20590043600270577
Mississippi,2018,0.6813603198159625,0.6845870387924484,0.21140124238731622
Mississippi,2019,0.7163121503678408,0.7187507356975862,0.21682686540558327
Mississippi,2020,0.7590095025856369,0.7611389075707765,0.22254115335020214
Missouri,2000,0.054000000000000006,0.429,0.17581177903746614
Missouri,2001,0.069,0.447,0.17584302540046215
Missouri,2002,0.113,0.45,0.17587427176345816
Missouri,2003,0.157,0.45299999999999996,0.17590551812645414
Missouri,2004,0.25,0.49700000000000005,0.17593676448945014
Missouri,2005,0.344,0.542,0.17596801085244615
Missouri,2006,0.43700000000000006,0.586,0.18014576447619454
Missouri,2007,0.531,0.631,0.1857400336655374
Missouri,2008,0.58,0.6609999999999999,0.187101472442763
Missouri,2009,0.628,0.6920000000000001,0.19120362483674538
Missouri,2010,0.706,0.738,0.18975032394432312
Missouri,2011,0.706,0.727,0.19368474640359098
Missouri,2012,0.726,0.752,0.1971789644078401
Missouri,2013,0.752,0.763,0.20138927037669244
Missouri,2014,0.765,0.773,0.20550802610982344
Missouri,2015,0.7346793706488676,0.740147756277957,0.20979503917658376
Missouri,2016,0.7938287942976789,0.7977712577828926,0.21445426477531462
Missouri,2017,0.7522665534775063,0.7578982173771469,0.21955096867644397
Missouri,2018,0.7770531490684179,0.7814412476719036,0.22479163594722024
Missouri,2019,0.8029790687838425,0.8064684465366009,0.22968463089545957
Missouri,2020,0.8321330612032741,0.8348532832393251,0.23406948871355418
Montana,2000,0.021,0.41100000000000003,0.1761193533548734
Montana,2001,0.035,0.434,0.17867241369259468
Montana,2002,0.069,0.435,0.18122547403031597
Montana,2003,0.10300000000000001,0.436,0.1837785343680373
Montana,2004,0.196,0.49,0.18633159470575858
Montana,2005,0.289,0.5429999999999999,0.18888465504347987
Montana,2006,0.382,0.597,0.1909367880825549
Montana,2007,0.474,0.65,0.18948051961610296
Montana,2008,0.56,0.6729999999999999,0.1975843463160506
Montana,2009,0.6459999999999999,0.696,0.2069859249694099
Montana,2010,0.7020000000000001,0.745,0.20216402958082197
Montana,2011,0.7,0.716,0.20750691353954911
Montana,2012,0.76,0.7809999999999999,0.21377998253909777
Montana,2013,0.772,0.787,0.2197247219479367
Montana,2014,0.7829999999999999,0.7909999999999999,0.2247533213430448
Montana,2015,0.7521131285270479,0.7603952710195658,0.23120945226121245
Montana,2016,0.7903732650174274,0.7975896665665365,0.23786118892974434
Montana,2017,0.7633614057960366,0.7716887909994643,0.24322287840506787
Montana,2018,0.7832419961569187,0.790213590397883,0.24981665149961793
Montana,2019,0.8081498190737196,0.8145328849115738,0.2555515686018832
Montana,2020,0.8340374404998958,0.8400772392030236,0.2596483957408131
Nebraska,2000,0.04,0.38299999999999995,0.1730598978649103
Nebraska,2001,0.106,0.415,0.17303950013022004
Nebraska,2002,0.157,0.451,0.17301910239552978
Nebraska,2003,0.20800000000000002,0.48700000000000004,0.17299870466083955
Nebraska,2004,0.306,0.54,0.1729783069261493
Nebraska,2005,0.40399999999999997,0.5920000000000001,0.17295790919145904
Nebraska,2006,0.502,0.644,0.17428863713863524
Nebraska,2007,0.6,0.6970000000000001,0.17879194464464931
Nebraska,2008,0.65,0.731,0.1826080276680019
Nebraska,2009,0.7,0.7659999999999999,0.18461980316393767
Nebraska,2010,0.7509999999999999,0.772,0.18253150837212534
Nebraska,2011,0.747,0.7659999999999999,0.18585364750551692
Nebraska,2012,0.7509999999999999,0.7609999999999999,0.18888680932476554
Nebraska,2013,0.782,0.7929999999999999,0.19252888074390823
Nebraska,2014,0.8059999999999999,0.813,0.19531993940559933
Nebraska,2015,0.7824603363371588,0.7871409201528168,0.19878354414466945
Nebraska,2016,0.8169896776300438,0.822573913601815,0.2029805571694275
Nebraska,2017,0.7864064232730308,0.7924546201588712,0.20663955888339589
Nebraska,2018,0.8110627245175368,0.8160418957036746,0.21052993552993554
Nebraska,2019,0.8344344150210946,0.8386843103575455,0.21525814399152604
Nebraska,2020,0.8562892958084607,0.8601341136848916,0.21967163350531702
Nevada,2000,0.05,0.37,0.15216811451179704
Nevada,2001,0.077,0.444,0.1537574238043361
Nevada,2002,0.147,0.45,0.15534673309687516
Nevada,2003,0.217,0.457,0.1569360423894142
Nevada,2004,0.309,0.513,0.15852535168195325
Nevada,2005,0.4,0.57,0.1601146609744923
Nevada,2006,0.49200000000000005,0.627,0.15908370529855595
Nevada,2007,0.584,0.6829999999999999,0.16356589389026663
Nevada,2008,0.647,0.7190000000000001,0.16696812166295472
Nevada,2009,0.71,0.754,0.1685579540574745
Nevada,2010,0.777,0.8059999999999999,0.16918116256558707
Nevada,2011,0.778,0.787,0.17379467912722246
Nevada,2012,0.813,0.823,0.1781289429347786
Nevada,2013,0.7909999999999999,0.7979999999999999,0.18322597329148818
Nevada,2014,0.7979999999999999,0.804,0.18864499504632123
Nevada,2015,0.7912864404747146,0.7952862825255622,0.1938669408954934
Nevada,2016,0.8095506889213665,0.8128346655192872,0.1991506678707736
Nevada,2017,0.7945141174977497,0.7990047982939399,0.20408037468941814
Nevada,2018,0.8140201514048564,0.8174909148364671,0.2094312774967164
Nevada,2019,0.8322590300880672,0.8347345080383979,0.21355397792073832
Nevada,2020,0.8555244514469563,0.8574624494805803,0.21663964497021893
New Hampshire,2000,0.066,0.541,0.1577659886096784
New Hampshire,2001,0.14300000000000002,0.545,0.15948372667799895
New Hampshire,2002,0.214,0.565,0.16120146474631952
New Hampshire,2003,0.28600000000000003,0.585,0.16291920281464006
New Hampshire,2004,0.39799999999999996,0.6459999999999999,0.16463694088296063
New Hampshire,2005,0.51,0.706,0.1663546789512812
New Hampshire,2006,0.622,0.7659999999999999,0.17494552796991394
New Hampshire,2007,0.7340000000000001,0.8270000000000001,0.179314469672328
New Hampshire,2008,0.765,0.8370000000000001,0.18743525846076445
New Hampshire,2009,0.797,0.847,0.19179283921257761
New Hampshire,2010,0.833,0.861,0.18674002369973036
New Hampshire,2011,0.843,0.872,0.19328814790665935
New Hampshire,2012,0.873,0.877,0.1994817355029397
New Hampshire,2013,0.8540000000000001,0.862,0.206287130326546
New Hampshire,2014,0.867,0.871,0.21363532109223668
New Hampshire,2015,0.8453056772147847,0.8492779382359475,0.22072328898709487
New Hampshire,2016,0.8649218875675161,0.8692443766650084,0.22721605902208883
New Hampshire,2017,0.8468630972282777,0.8516508135406581,0.23469044515590368
New Hampshire,2018,0.8630830249024611,0.8671900741935851,0.24076414348678424
New Hampshire,2019,0.8778660434479159,0.8815044818311508,0.2474089920511763
New Hampshire,2020,0.8885796893315119,0.8919249289577753,0.2545917930645699
New Jersey,2000,0.05,0.44,0.1715856839803431
New Jersey,2001,0.122,0.5,0.17177734483049031
New Jersey,2002,0.192,0.511,0.17196900568063753
New Jersey,2003,0.262,0.522,0.1721606665307847
New Jersey,2004,0.35200000000000004,0.5770000000000001,0.17235232738093192
New Jersey,2005,0.442,0.631,0.17254398823107914
New Jersey,2006,0.531,0.6859999999999999,0.17641921197172122
New Jersey,2007,0.621,0.741,0.18091635658629138
New Jersey,2008,0.706,0.7829999999999999,0.18442364616100987
New Jersey,2009,0.79,0.826,0.1871834712566062
New Jersey,2010,0.7909999999999999,0.8079999999999999,0.18396523931394518
New Jersey,2011,0.802,0.821,0.18736479020375035
New Jersey,2012,0.83,0.8370000000000001,0.19093067821650675
New Jersey,2013,0.84,0.846,0.19406444857720534
New Jersey,2014,0.852,0.857,0.1977730485553122
New Jersey,2015,0.8163652508861712,0.819561268433793,0.20170930975461268
New Jersey,2016,0.8429443348624975,0.8460419236824073,0.2060972540271636
New Jersey,2017,0.8256477966299721,0.8295123238924814,0.211223548326866
New Jersey,2018,0.841425422545413,0.8444607236906393,0.21709475902810735
New Jersey,2019,0.8586651709911691,0.8611378413886185,0.22235009663228136
New Jersey,2020,0.8794146692804189,0.8814652814409543,0.22670199646206854
New Mexico,2000,0.034,0.318,0.15603618600079383
New Mexico,2001,0.027000000000000003,0.36,0.1581962654602366
New Mexico,2002,0.044000000000000004,0.364,0.16035634491967934
New Mexico,2003,0.061,0.369,0.16251642437912212
New Mexico,2004,0.165,0.428,0.16467650383856486
New Mexico,2005,0.26899999999999996,0.488,0.16683658329800763
New Mexico,2006,0.373,0.5479999999999999,0.169481822102641
New Mexico,2007,0.47700000000000004,0.607,0.1753760949076483
New Mexico,2008,0.527,0.623,0.18277466341724974
New Mexico,2009,0.5770000000000001,0.639,0.18720079057716413
New Mexico,2010,0.605,0.653,0.18265062922167657
New Mexico,2011,0.634,0.6559999999999999,0.18712152747779234
New Mexico,2012,0.726,0.742,0.19277842948454402
New Mexico,2013,0.6759999999999999,0.6859999999999999,0.19799140554262296
New Mexico,2014,0.7040000000000001,0.711,0.20343014828720943
New Mexico,2015,0.6751456723308297,0.6814584462789955,0.20847294081858167
New Mexico,2016,0.7388591742158617,0.7431325854075351,0.21532466272845086
New Mexico,2017,0.7014583183994837,0.7073146988389676,0.22053378024470124
New Mexico,2018,0.7251371362311634,0.7299223490977257,0.22660069564918175
New Mexico,2019,0.7474918380197209,0.7519830208048969,0.23333702915332905
New Mexico,2020,0.7795496521674914,0.7829341978290897,0.23875774253095225
New York,2000,0.049,0.371,0.16885823312539322
New York,2001,0.12300000000000001,0.43799999999999994,0.16975763798575233
New York,2002,0.179,0.449,0.17065704284611147
New York,2003,0.23600000000000002,0.461,0.17155644770647058
New York,2004,0.325,0.514,0.17245585256682971
New York,2005,0.415,0.568,0.17335525742718882
New York,2006,0.505,0.622,0.1769240973215679
New York,2007,0.594,0.675,0.18127386906511123
New York,2008,0.657,0.7240000000000001,0.18544232548123818
New York,2009,0.721,0.772,0.18799026868677574
New York,2010,0.757,0.7759999999999999,0.1842660269357608
New York,2011,0.774,0.794,0.18768666026195227
New York,2012,0.794,0.8079999999999999,0.1912206463253536
New York,2013,0.8,0.8059999999999999,0.19464928842755239
New York,2014,0.81,0.8140000000000001,0.1979444563810041
New York,2015,0.7792926145161075,0.7824125543601927,0.2015661529756205
New York,2016,0.8174383265379016,0.8208690072234166,0.2060851306846361
New York,2017,0.7904402142559724,0.7942637733115515,0.21221762876960504
New York,2018,0.8093417171514335,0.8124420063754205,0.21823412885817245
New York,2019,0.8289486498575331,0.8315577305584978,0.22385456725899472
New York,2020,0.8525870737689171,0.8548535139292005,0.2286556252625885
North Carolina,2000,0.043,0.344,0.1605792941583959
North Carolina,2001,0.065,0.374,0.1610680082921796
North Carolina,2002,0.127,0.405,0.16155672242596333
North Carolina,2003,0.19,0.435,0.16204543655974704
North Carolina,2004,0.27,0.478,0.16253415069353078
North Carolina,2005,0.349,0.522,0.16302286482731448
North Carolina,2006,0.429,0.565,0.16868482544751004
North Carolina,2007,0.509,0.608,0.1740102010455321
North Carolina,2008,0.578,0.6509999999999999,0.17569282836359332
North Carolina,2009,0.647,0.6940000000000001,0.1821079974978904
North Carolina,2010,0.7090000000000001,0.741,0.17940762220291748
North Carolina,2011,0.7070000000000001,0.72,0.18336759836988742
North Carolina,2012,0.769,0.778,0.18713384363714736
North Carolina,2013,0.747,0.7559999999999999,0.19160410221128998
North Carolina,2014,0.765,0.7709999999999999,0.1957296132827303
North Carolina,2015,0.7424146400192422,0.7461155721828582,0.20065659536350877
North Carolina,2016,0.7904142359289889,0.7938707348477999,0.20592359107309774
North Carolina,2017,0.7594212569519576,0.7638654369021249,0.21042730988830313
North Carolina,2018,0.7834699108009052,0.7869268005870469,0.21558822973359393
North Carolina,2019,0.8081417453316625,0.8109064673600839,0.22047299938158044
North Carolina,2020,0.8348914255594728,0.8370298879450103,0.22506584922513248
North Dakota,2000,0.022000000000000002,0.395,0.18527717222049206
North Dakota,2001,0.053,0.431,0.18553131958219868
North Dakota,2002,0.122,0.466,0.18578546694390527
North Dakota,2003,0.191,0.5,0.1860396143056119
North Dakota,2004,0.284,0.545,0.18629376166731848
North Dakota,2005,0.377,0.59,0.1865479090290251
North Dakota,2006,0.469,0.635,0.1911500360924533
North Dakota,2007,0.562,0.68,0.1914305589207694
North Dakota,2008,0.621,0.708,0.19397924490359028
North Dakota,2009,0.68,0.737,0.20165140281118785
North Dakota,2010,0.775,0.794,0.195519339009302
North Dakota,2011,0.7609999999999999,0.767,0.19765950841578145
North Dakota,2012,0.828,0.84,0.1997048441929278
North Dakota,2013,0.792,0.8,0.2002157206417689
North Dakota,2014,0.809,0.8140000000000001,0.1996964216051353
North Dakota,2015,0.7645964599878159,0.7687088284552197,0.20022171719971177
North Dakota,2016,0.8145699359192937,0.8172618632073975,0.20019914094995395
North Dakota,2017,0.7762912590242796,0.7808683091244684,0.202897481471545
North Dakota,2018,0.7905948521109151,0.7938063467162905,0.20602339002474074
North Dakota,2019,0.8074083763642411,0.8101136584967423,0.20971644617472582
North Dakota,2020,0.8309423522819243,0.8329463681892836,0.21382335999494997
Ohio,2000,0.036000000000000004,0.38299999999999995,0.17294677948127127
Ohio,2001,0.076,0.452,0.17333309411335945
Ohio,2002,0.13,0.45899999999999996,0.17371940874544764
Ohio,2003,0.184,0.465,0.1741057233775358
Ohio,2004,0.275,0.513,0.17449203800962398
Ohio,2005,0.365,0.56,0.17487835264171217
Ohio,2006,0.455,0.607,0.17954207377135017
Ohio,2007,0.546,0.654,0.18424132659196887
Ohio,2008,0.61,0.691,0.18852550646835994
Ohio,2009,0.674,0.728,0.1940210411045302
Ohio,2010,0.691,0.725,0.19043840523343852
Ohio,2011,0.731,0.753,0.1952054117049307
Ohio,2012,0.737,0.755,0.19977377325181703
Ohio,2013,0.767,0.778,0.20427530327916402
Ohio,2014,0.7929999999999999,0.8009999999999999,0.20879858620564376
Ohio,2015,0.7619750678149874,0.7660764698029264,0.2136090975301696
Ohio,2016,0.8097859716493434,0.8141724305025938,0.2184203751447427
Ohio,2017,0.7727799792561435,0.7781487520895634,0.22341184431438524
Ohio,2018,0.7982389224341702,0.8024382933235927,0.228373959220844
Ohio,2019,0.8207582372815223,0.8240628711488727,0.23357316786378018
Ohio,2020,0.8459855796429332,0.848711509688109,0.23723603940806534
Oklahoma,2000,0.065,0.336,0.17361346573721967
Oklahoma,2001,0.064,0.392,0.1740053030858066
Oklahoma,2002,0.105,0.40299999999999997,0.17439714043439353
Oklahoma,2003,0.146,0.414,0.17478897778298047
Oklahoma,2004,0.218,0.45399999999999996,0.17518081513156739
Oklahoma,2005,0.289,0.494,0.17557265248015433
Oklahoma,2006,0.36,0.535,0.17946575950237093
Oklahoma,2007,0.43200000000000005,0.575,0.18340891423364727
Oklahoma,2008,0.518,0.611,0.18522216770935115
Oklahoma,2009,0.604,0.648,0.18656975088485375
Oklahoma,2010,0.67,0.7090000000000001,0.1853246734518911
Oklahoma,2011,0.677,0.715,0.18807975189257292
Oklahoma,2012,0.725,0.746,0.19031182940540223
Oklahoma,2013,0.708,0.718,0.19290960662401188
Oklahoma,2014,0.7340000000000001,0.74,0.19564523465304093
Oklahoma,2015,0.7089373044001878,0.7118225643285485,0.19880859269980541
Oklahoma,2016,0.7725367489527433,0.7753858529872555,0.20194246603548519
Oklahoma,2017,0.7293971971623071,0.7336543743886026,0.20539205508064035
Oklahoma,2018,0.7585967896129985,0.761707422929297,0.2093099347980941
Oklahoma,2019,0.7871253112116118,0.7895086756559359,0.21353489945001997
Oklahoma,2020,0.817403062667797,0.8194847375648531,0.21706223467099076
Oregon,2000,0.040999999999999995,0.47100000000000003,0.1664690379578646
Oregon,2001,0.10800000000000001,0.512,0.16747535994097607
Oregon,2002,0.14400000000000002,0.508,0.1684816819240875
Oregon,2003,0.18,0.504,0.16948800390719895
Oregon,2004,0.29,0.5589999999999999,0.17049432589031038
Oregon,2005,0.401,0.614,0.17150064787342184
Oregon,2006,0.511,0.669,0.17667921004291554
Oregon,2007,0.621,0.723,0.18353175688567308
Oregon,2008,0.688,0.765,0.18996506651609738
Oregon,2009,0.755,0.807,0.1941033919141209
Oregon,2010,0.7809999999999999,0.8140000000000001,0.19148521036437463
Oregon,2011,0.7959999999999999,0.815,0.19749099879510498
Oregon,2012,0.86,0.88,0.20310986626798325
Oregon,2013,0.82,0.83,0.20884395643935036
Oregon,2014,0.8320000000000001,0.838,0.2153518293134732
Oregon,2015,0.809425918661754,0.8153547020515644,0.22136060497056154
Oregon,2016,0.849833458778814,0.8547673251136684,0.226970215708791
Oregon,2017,0.8202885821424948,0.8261640295972782,0.2307832771487707
Oregon,2018,0.8399359372193576,0.8445341382743815,0.2350471331912278
Oregon,2019,0.859856671920426,0.8637397936205243,0.23915184332037145
Oregon,2020,0.8809847588558591,0.8844183445666844,0.2424916422154678
Pennsylvania,2000,0.034,0.397,0.1979326041559625
Pennsylvania,2001,0.084,0.45299999999999996,0.19742041808333002
Pennsylvania,2002,0.142,0.47,0.19690823201069754
Pennsylvania,2003,0.19899999999999998,0.48700000000000004,0.19639604593806506
Pennsylvania,2004,0.28800000000000003,0.536,0.19588385986543258
Pennsylvania,2005,0.377,0.586,0.1953716737928001
Pennsylvania,2006,0.466,0.635,0.1999344727244725
Pennsylvania,2007,0.555,0.684,0.20416138225428368
Pennsylvania,2008,0.622,0.715,0.2074640197251363
Pennsylvania,2009,0.688,0.746,0.2102391103302425
Pennsylvania,2010,0.7559999999999999,0.778,0.20702291855712157
Pennsylvania,2011,0.736,0.753,0.21053541977289003
Pennsylvania,2012,0.7959999999999999,0.8059999999999999,0.21398763377302998
Pennsylvania,2013,0.785,0.7959999999999999,0.2179633929736295
Pennsylvania,2014,0.797,0.805,0.22214360066743324
Pennsylvania,2015,0.7585205443094585,0.7645570442674258,0.22652620485573877
Pennsylvania,2016,0.8056334478722477,0.8104160764037053,0.2313444399970369
Pennsylvania,2017,0.7700605417342741,0.7764599170594487,0.23666415047724856
Pennsylvania,2018,0.7935447557116051,0.7987971261252441,0.24176227355394314
Pennsylvania,2019,0.816059314624834,0.8205179151199282,0.24699711449685846
Pennsylvania,2020,0.8409619101483271,0.8445952601348725,0.25174778827633076
Puerto Rico,2015,0.5199701073376205,0.5218107608865565,0.22687871556063746
Puerto Rico,2016,0.5966776312560033,0.6026465569603074,0.23507494931836567
Puerto Rico,2017,0.5328673286907472,0.5381177582966221,0.24325108108676857
Puerto Rico,2018,0.5657907451381645,0.5707619857685207,0.25223557186263357
Puerto Rico,2019,0.6075259881511197,0.6132281449607346,0.26126980482135165
Puerto Rico,2020,0.6470023478871839,0.6548062656489867,0.2705128512287285
Rhode Island,2000,0.066,0.409,0.18258659816334533
Rhode Island,2001,0.11599999999999999,0.48100000000000004,0.18214942866692607
Rhode Island,2002,0.174,0.47700000000000004,0.18171225917050682
Rhode Island,2003,0.231,0.474,0.18127508967408756
Rhode Island,2004,0.341,0.539,0.1808379201776683
Rhode Island,2005,0.45,0.603,0.18040075068124906
Rhode Island,2006,0.56,0.6679999999999999,0.18703271794007176
Rhode Island,2007,0.669,0.733,0.1895234782082599
Rhode Island,2008,0.711,0.7509999999999999,0.19336155342466796
Rhode Island,2009,0.752,0.769,0.1976274414669833
Rhode Island,2010,0.778,0.7879999999999999,0.19452304028156295
Rhode Island,2011,0.7859999999999999,0.797,0.19786727946722785
Rhode Island,2012,0.813,0.8190000000000001,0.20173002391514824
Rhode Island,2013,0.825,0.828,0.20639634114453334
Rhode Island,2014,0.818,0.8240000000000001,0.2106770269603096
Rhode Island,2015,0.7832464341751096,0.7879180532241756,0.2148603772940253
Rhode Island,2016,0.828621895645379,0.8302122041255245,0.22004265565092543
Rhode Island,2017,0.8010331489076399,0.8045302746415293,0.22505865710730985
Rhode Island,2018,0.8186708729802721,0.8218090219891211,0.2304755487118722
Rhode Island,2019,0.8400936325116359,0.8424805536810974,0.2357053472703695
Rhode Island,2020,0.8658794585515975,0.8676849998794396,0.24147521549482984
South Carolina,2000,0.034,0.3,0.16238286425863133
South Carolina,2001,0.07200000000000001,0.375,0.16478858611023356
South Carolina,2002,0.11,0.384,0.1671943079618358
South Carolina,2003,0.147,0.39299999999999996,0.16960002981343802
South Carolina,2004,0.217,0.44299999999999995,0.17200575166504026
South Carolina,2005,0.28600000000000003,0.493,0.1744114735166425
South Carolina,2006,0.355,0.5429999999999999,0.18020137233471156
South Carolina,2007,0.424,0.593,0.18439034881839977
South Carolina,2008,0.505,0.614,0.18981025938657975
South Carolina,2009,0.586,0.636,0.19372377085013248
South Carolina,2010,0.631,0.675,0.18894904229880208
South Carolina,2011,0.665,0.6920000000000001,0.19389081493680757
South Carolina,2012,0.732,0.743,0.19859552763926536
South Carolina,2013,0.7120000000000001,0.721,0.2042705768567498
South Carolina,2014,0.725,0.732,0.20990748788995262
South Carolina,2015,0.700728667353825,0.7043479056588337,0.21536800251843194
South Carolina,2016,0.770950539113605,0.7737015060011598,0.22104308418164462
South Carolina,2017,0.7257581170955985,0.7300004756034152,0.22681203667600977
South Carolina,2018,0.7545053922679904,0.7577118621256751,0.23206929079838778
South Carolina,2019,0.7826765012960465,0.7850813429892469,0.23707548150635574
South Carolina,2020,0.8127190592162251,0.8145666463248943,0.24337638468063644
South Dakota,2000,0.033,0.42200000000000004,0.1813209086910673
South Dakota,2001,0.092,0.446,0.18088704545082912
South Dakota,2002,0.152,0.462,0.18045318221059095
South Dakota,2003,0.212,0.478,0.18001931897035278
South Dakota,2004,0.29100000000000004,0.527,0.1795854557301146
South Dakota,2005,0.37,0.575,0.17915159248987644
South Dakota,2006,0.449,0.624,0.18592462902167617
South Dakota,2007,0.529,0.672,0.18956312051393154
South Dakota,2008,0.586,0.688,0.1946271670766009
South Dakota,2009,0.644,0.7040000000000001,0.19262712292108525
South Dakota,2010,0.6970000000000001,0.733,0.19110226627406932
South Dakota,2011,0.745,0.7659999999999999,0.19533686518583082
South Dakota,2012,0.77,0.7829999999999999,0.19821270764618426
South Dakota,2013,0.755,0.7709999999999999,0.20161585461913384
South Dakota,2014,0.775,0.784,0.20568989395093853
South Dakota,2015,0.754344120513806,0.7591953735155567,0.20965144273532657
South Dakota,2016,0.7964248044706158,0.8015556746496288,0.21357181296691882
South Dakota,2017,0.7587157331248431,0.764978288919395,0.21789386564170185
South Dakota,2018,0.7812329541514694,0.7855752199434953,0.2224776666138294
South Dakota,2019,0.8074142204210317,0.8110668792120721,0.22752395369832237
South Dakota,2020,0.8330408578274848,0.8360545938518676,0.23305653356623635
Tennessee,2000,0.055,0.373,0.16568344376611252
Tennessee,2001,0.10300000000000001,0.41100000000000003,0.16685762533759027
Tennessee,2002,0.145,0.425,0.168031806909068
Tennessee,2003,0.187,0.439,0.16920598848054574
Tennessee,2004,0.254,0.475,0.17038017005202347
Tennessee,2005,0.322,0.512,0.17155435162350122
Tennessee,2006,0.389,0.5489999999999999,0.17681997574684916
Tennessee,2007,0.457,0.586,0.18137940029421515
Tennessee,2008,0.5329999999999999,0.638,0.18655396525247117
Tennessee,2009,0.61,0.691,0.1892820715301511
Tennessee,2010,0.653,0.696,0.18581987910763936
Tennessee,2011,0.682,0.7020000000000001,0.1902389190457719
Tennessee,2012,0.723,0.74,0.19435653634862038
Tennessee,2013,0.718,0.727,0.19844504869824334
Tennessee,2014,0.732,0.7390000000000001,0.20275895101269267
Tennessee,2015,0.7033164102202074,0.7070036280856513,0.20679471014821646
Tennessee,2016,0.7678829779751677,0.7707993327940189,0.21128055871639762
Tennessee,2017,0.7259577780293689,0.7303507310397245,0.21518523789970595
Tennessee,2018,0.7547976310316471,0.7581093709888468,0.219662374086409
Tennessee,2019,0.7842725451689986,0.7866227593970951,0.2234774842771795
Tennessee,2020,0.8156188331817005,0.817405108251514,0.22746574707321093
Texas,2000,0.043,0.33399999999999996,0.13304359043958752
Texas,2001,0.095,0.395,0.13353029800298424
Texas,2002,0.13699999999999998,0.40700000000000003,0.13401700556638094
Texas,2003,0.17800000000000002,0.419,0.13450371312977766
Texas,2004,0.257,0.46399999999999997,0.13499042069317435
Texas,2005,0.336,0.509,0.13547712825657107
Texas,2006,0.415,0.5539999999999999,0.13801671557032835
Texas,2007,0.494,0.599,0.14175983648184978
Texas,2008,0.556,0.628,0.14504866079932507
Texas,2009,0.618,0.657,0.14676239519637846
Texas,2010,0.69,0.716,0.14550340818819893
Texas,2011,0.662,0.695,0.14875886744537772
Texas,2012,0.713,0.725,0.15196004013979666
Texas,2013,0.742,0.7509999999999999,0.15500886078610424
Texas,2014,0.755,0.76,0.15835822375358793
Texas,2015,0.7439470010824484,0.7473732175177139,0.16186862659820894
Texas,2016,0.8060090239343447,0.8083252548446812,0.16527255922379944
Texas,2017,0.7690284307691884,0.7729204821121946,0.1684364826168948
Texas,2018,0.7935484575191988,0.7962641444414692,0.17154486457778043
Texas,2019,0.8194108404779653,0.8214461381022234,0.1753098703025839
Texas,2020,0.8511149059433801,0.8526168298830918,0.17830288772912953
Utah,2000,0.053,0.521,0.11314728083723176
Utah,2001,0.114,0.45299999999999996,0.11401719641263254
Utah,2002,0.163,0.5,0.11488711198803334
Utah,2003,0.212,0.5479999999999999,0.11575702756343412
Utah,2004,0.32,0.598,0.11662694313883491
Utah,2005,0.428,0.648,0.1174968587142357
Utah,2006,0.536,0.698,0.12126602362373008
Utah,2007,0.644,0.748,0.12342051842303228
Utah,2008,0.7240000000000001,0.7929999999999999,0.1257919094409346
Utah,2009,0.8029999999999999,0.8370000000000001,0.1268726396731706
Utah,2010,0.836,0.857,0.12525345885724867
Utah,2011,0.83,0.848,0.12774128399755613
Utah,2012,0.845,0.853,0.13019546798841602
Utah,2013,0.836,0.8440000000000001,0.13311852514489067
Utah,2014,0.8590000000000001,0.865,0.13663815016281733
Utah,2015,0.832088343513468,0.8376388321983287,0.14039710282398543
Utah,2016,0.8543617953545388,0.8576436122894946,0.1439384458221282
Utah,2017,0.8380727484803712,0.8434116788243381,0.14779249156880514
Utah,2018,0.8573263345528591,0.8614020816211876,0.15101942305482127
Utah,2019,0.8754910490099942,0.8788136451679247,0.15456457662759038
Utah,2020,0.8934796975606464,0.8959988837339101,0.15700364205952008
Vermont,2000,0.022000000000000002,0.495,0.16725112388248223
Vermont,2001,0.08900000000000001,0.478,0.17026771741610217
Vermont,2002,0.132,0.499,0.1732843109497221
Vermont,2003,0.17600000000000002,0.521,0.17630090448334207
Vermont,2004,0.257,0.5770000000000001,0.179317498016962
Vermont,2005,0.33799999999999997,0.633,0.18233409155058194
Vermont,2006,0.419,0.6890000000000001,0.1874955922988646
Vermont,2007,0.5,0.745,0.19078187021733461
Vermont,2008,0.575,0.754,0.2013697748161025
Vermont,2009,0.65,0.763,0.20480892949047863
Vermont,2010,0.742,0.7929999999999999,0.19939672379048407
Vermont,2011,0.765,0.804,0.2056890223022987
Vermont,2012,0.8390000000000001,0.8540000000000001,0.21268493264566793
Vermont,2013,0.8059999999999999,0.8190000000000001,0.2198212505432143
Vermont,2014,0.8170000000000001,0.8240000000000001,0.2271576318974133
Vermont,2015,0.7885739714906035,0.795597669354364,0.2347942241032614
Vermont,2016,0.8132442519318518,0.8216330326347552,0.24234769237156467
Vermont,2017,0.7884837868222757,0.7965343183708202,0.2500480279714906
Vermont,2018,0.8030462065368759,0.8092561703307921,0.2572222657793807
Vermont,2019,0.8164631678222444,0.8224505728207239,0.26519390113612884
Vermont,2020,0.8308430107405749,0.8370527901632858,0.27113431783963865
Virginia,2000,0.035,0.45,0.15052620500203787
Virginia,2001,0.078,0.474,0.15226930500117644
Virginia,2002,0.135,0.504,0.154012405000315
Virginia,2003,0.192,0.535,0.15575550499945356
Virginia,2004,0.289,0.585,0.1574986049985921
Virginia,2005,0.386,0.635,0.1592417049977307
Virginia,2006,0.483,0.685,0.16204929971461035
Virginia,2007,0.58,0.735,0.16792488574110445
Virginia,2008,0.638,0.745,0.1726188231335746
Virginia,2009,0.696,0.754,0.1744903642077033
Virginia,2010,0.735,0.7659999999999999,0.17080617423091823
Virginia,2011,0.7340000000000001,0.758,0.1752474580479504
Virginia,2012,0.7659999999999999,0.775,0.17936981555105425
Virginia,2013,0.8029999999999999,0.813,0.18321646415418608
Virginia,2014,0.8170000000000001,0.823,0.18714691310377318
Virginia,2015,0.7872429058724443,0.7916128481973159,0.19145474606467772
Virginia,2016,0.834905206704572,0.8388226072935105,0.19632381546709318
Virginia,2017,0.8015839758401071,0.8069461456526135,0.20145669016508821
Virginia,2018,0.8207930287242431,0.8247342504111507,0.20669107584777058
Virginia,2019,0.8398457372413536,0.8429365496208401,0.21187365773556524
Virginia,2020,0.860913504255018,0.8633597780988851,0.21604203278320175
Washington,2000,0.057,0.486,0.14815152250861494
Washington,2001,0.096,0.513,0.14987048646560672
Washington,2002,0.18100000000000002,0.529,0.1515894504225985
Washington,2003,0.267,0.546,0.15330841437959028
Washington,2004,0.35700000000000004,0.598,0.15502737833658206
Washington,2005,0.447,0.65,0.15674634229357384
Washington,2006,0.537,0.7020000000000001,0.16230687710900188
Washington,2007,0.627,0.754,0.16923349489767522
Washington,2008,0.696,0.784,0.17200312586651487
Washington,2009,0.765,0.8140000000000001,0.17443637228502468
Washington,2010,0.812,0.838,0.17191783880534595
Washington,2011,0.841,0.862,0.1768228479695529
Washington,2012,0.8390000000000001,0.848,0.1816937178221245
Washington,2013,0.828,0.8370000000000001,0.1868967277892081
Washington,2014,0.853,0.86,0.19186192216025139
Washington,2015,0.8398227984157192,0.8441581002230837,0.1967097675973994
Washington,2016,0.8746972253322383,0.8785611377722288,0.2018749506937931
Washington,2017,0.8439418047601357,0.8492613665435641,0.2055419501930762
Washington,2018,0.8653077286261204,0.8692304698254514,0.20947280191096215
Washington,2019,0.8837552939170777,0.8867801387166672,0.213705717651028
Washington,2020,0.9011825390847361,0.9037250044909839,0.21763375935861265
West Virginia,2000,0.031,0.34,0.20062277973659878
West Virginia,2001,0.045,0.377,0.20140930040844088
West Virginia,2002,0.08900000000000001,0.39399999999999996,0.20219582108028297
West Virginia,2003,0.133,0.41100000000000003,0.20298234175212504
West Virginia,2004,0.19399999999999998,0.447,0.20376886242396713
West Virginia,2005,0.256,0.484,0.20455538309580923
West Virginia,2006,0.317,0.521,0.20756295127222335
West Virginia,2007,0.379,0.5579999999999999,0.21095287894549497
West Virginia,2008,0.48,0.611,0.21919923636018931
West Virginia,2009,0.581,0.664,0.22102543333606262
West Virginia,2010,0.6579999999999999,0.718,0.2193831818957172
West Virginia,2011,0.6679999999999999,0.71,0.22398790709564487
West Virginia,2012,0.6920000000000001,0.701,0.22956355671849643
West Virginia,2013,0.713,0.725,0.2336866421848287
West Virginia,2014,0.731,0.7390000000000001,0.2384165973975676
West Virginia,2015,0.6992697997816544,0.7031486543886208,0.24417960268334576
West Virginia,2016,0.7431407653721884,0.7462378397091917,0.24941498040184346
West Virginia,2017,0.7050708532785843,0.7098340588148375,0.2554927122241803
West Virginia,2018,0.7306369552236363,0.7343332298863717,0.2613843002994991
West Virginia,2019,0.760881632422235,0.7640710634260871,0.2672737927865713
West Virginia,2020,0.7895042231153601,0.7923185356187051,0.2724028535608097
Wisconsin,2000,0.027000000000000003,0.401,0.1692033913315031
Wisconsin,2001,0.066,0.45,0.16953401303798768
Wisconsin,2002,0.133,0.478,0.16986463474447225
Wisconsin,2003,0.2,0.505,0.17019525645095684
Wisconsin,2004,0.29600000000000004,0.5579999999999999,0.1705258781574414
Wisconsin,2005,0.39299999999999996,0.61,0.17085649986392598
Wisconsin,2006,0.489,0.662,0.17529505052275657
Wisconsin,2007,0.585,0.7140000000000001,0.18001353175141566
Wisconsin,2008,0.6579999999999999,0.7490000000000001,0.1825934333670696
Wisconsin,2009,0.731,0.784,0.18753569992363975
Wisconsin,2010,0.777,0.8059999999999999,0.18425111126443722
Wisconsin,2011,0.7859999999999999,0.805,0.188624568901831
Wisconsin,2012,0.7929999999999999,0.804,0.19319653419360147
Wisconsin,2013,0.787,0.799,0.19839225382876186
Wisconsin,2014,0.8059999999999999,0.815,0.20389498683946664
Wisconsin,2015,0.7707126789332971,0.7764559149278865,0.20952133159251196
Wisconsin,2016,0.8143326481700927,0.8206637908584364,0.21504386426769453
Wisconsin,2017,0.783375881025984,0.7905828610492993,0.21988396411240457
Wisconsin,2018,0.8050176473204392,0.8109399866588651,0.2257004281812559
Wisconsin,2019,0.8261457236206761,0.831191405488017,0.23172074057853986
Wisconsin,2020,0.8476636947994391,0.8519673582330888,0.23630341098420435
Wyoming,2000,0.016,0.45299999999999996,0.15664402509609504
Wyoming,2001,0.063,0.48,0.1600189714954203
Wyoming,2002,0.096,0.496,0.16339391789474556
Wyoming,2003,0.13,0.512,0.16676886429407078
Wyoming,2004,0.239,0.5529999999999999,0.17014381069339604
Wyoming,2005,0.34700000000000003,0.595,0.1735187570927213
Wyoming,2006,0.456,0.637,0.1727462310972342
Wyoming,2007,0.564,0.679,0.17414455941701892
Wyoming,2008,0.6409999999999999,0.718,0.17533247726538856
Wyoming,2009,0.7170000000000001,0.757,0.1749627942014074
Wyoming,2010,0.784,0.795,0.1760789913101494
Wyoming,2011,0.787,0.8029999999999999,0.17835683264917604
Wyoming,2012,0.821,0.8270000000000001,0.18161594732082095
Wyoming,2013,0.8009999999999999,0.81,0.18580895017662513
Wyoming,2014,0.809,0.8170000000000001,0.19254203817116355
Wyoming,2015,0.7802374719447182,0.7873912910538707,0.19897218978089598
Wyoming,2016,0.833333630444239,0.8381801188628873,0.2057959381094251
Wyoming,2017,0.7933118211290894,0.7990766036736059,0.21190672153635118
Wyoming,2018,0.8119362294746458,0.8168451632484932,0.21980592469355625
Wyoming,2019,0.8352332154366122,0.8393661913681384,0.22543302858401718
Wyoming,2020,0.8595259956805672,0.8623767852472441,0.2326265851090913
