state,year,id_theft_per_capita,id_theft_raw,breach_law
Alabama,2000,5.925781267866536,272.605592654424,0
Alabama,2001,16.416831826175084,755.228714524207,0
Alabama,2002,5.934354722422495,273,0
Alabama,2003,8.586337418889691,395,0
Alabama,2004,45.21413121845711,2080,0
Alabama,2005,55.73511175198271,2564,0
Alabama,2006,60.3,2774,0
Alabama,2007,69.6,3221,0
Alabama,2008,93.1,4342,0
Alabama,2009,76.2,3586,0
Alabama,2010,69.9,3339,0
Alabama,2011,82.5,3942,0
Alabama,2012,104.9,5060,0
Alabama,2013,74.7,3610,0
Alabama,2014,77.7,3770,0
Alabama,2015,102.3,4973,0
Alabama,2016,82.4,4007,0
Alabama,2017,74,3609,0
Alabama,2018,108,5241,1
Alabama,2019,173,8454,1
Alabama,2020,354,17376,1
Alaska,2000,9.685206137833887,64.90609348914857,0
Alaska,2001,26.831972558430714,179.81636060100166,0
Alaska,2002,9.699218749999998,65,0
Alaska,2003,6.565624999999999,44,0
Alaska,2004,56.70312499999999,380,0
Alaska,2005,58.493749999999984,392,0
Alaska,2006,57.3,384,0
Alaska,2007,47,321,0
Alaska,2008,71.4,490,0
Alaska,2009,44.8,313,1
Alaska,2010,48.2,342,1
Alaska,2011,44.5,316,1
Alaska,2012,51.7,378,1
Alaska,2013,52.2,384,1
Alaska,2014,73.6,542,1
Alaska,2015,94.3,696,1
Alaska,2016,96.1,713,1
Alaska,2017,67,494,1
Alaska,2018,69,507,1
Alaska,2019,73,539,1
Alaska,2020,127,926,1
Arizona,2000,13.863054889883285,854.7633234878645,0
Arizona,2001,38.40631816067463,2368.0431488378067,0
Arizona,2002,13.883112037748273,856,0
Arizona,2003,20.79223087896412,1282,0
Arizona,2004,95.1706792494239,5868,0
Arizona,2005,103.53947108526283,6384,0
Arizona,2006,147.8,9113,1
Arizona,2007,137.1,8688,1
Arizona,2008,149,9683,1
Arizona,2009,119.4,7875,1
Arizona,2010,102.5,6549,1
Arizona,2011,98.5,6296,1
Arizona,2012,107.3,7032,1
Arizona,2013,91.2,6043,1
Arizona,2014,96,6460,1
Arizona,2015,133.8,9136,1
Arizona,2016,126.2,8748,1
Arizona,2017,119,8330,1
Arizona,2018,126,8853,1
Arizona,2019,150,10744,1
Arizona,2020,380,27661,1
Arkansas,2000,6.112431709957516,171.75150892513165,0
Arkansas,2001,16.933929704003447,475.82175420572753,0
Arkansas,2002,6.12127521145088,172,0
Arkansas,2003,11.673129472999353,328,0
Arkansas,2004,48.116070266753425,1352,0
Arkansas,2005,52.81379310344828,1484,1
Arkansas,2006,54.7,1537,1
Arkansas,2007,56.5,1601,1
Arkansas,2008,72.4,2068,1
Arkansas,2009,64.4,1862,1
Arkansas,2010,57.2,1667,1
Arkansas,2011,63.9,1862,1
Arkansas,2012,74.4,2195,1
Arkansas,2013,62.1,1839,1
Arkansas,2014,83.6,2481,1
Arkansas,2015,97.7,2911,1
Arkansas,2016,77.2,2308,1
Arkansas,2017,69,2084,1
Arkansas,2018,73,2197,1
Arkansas,2019,150,4525,1
Arkansas,2020,579,17470,1
California,2000,15.383977274769094,5610.882143315783,0
California,2001,42.61989370196776,15544.432772569668,0
California,2002,15.406234901922891,5619,0
California,2003,21.61095274905788,7882,1
California,2004,95.67822978065513,34896,1
California,2005,104.14494154024543,37984,1
California,2006,113.5,41396,1
California,2007,120.1,43892,1
California,2008,139.1,51140,1
California,2009,114.2,42209,1
California,2010,102.4,38148,1
California,2011,103.6,38607,1
California,2012,122.7,46658,1
California,2013,105.4,40404,1
California,2014,100.5,38982,1
California,2015,141.3,55305,1
California,2016,139.5,54744,1
California,2017,140,55418,1
California,2018,186,73668,1
California,2019,257,101639,1
California,2020,373,147382,1
Colorado,2000,10.36100508738566,492.2877552330808,0
Colorado,2001,28.70421137413907,1363.837935019905,0
Colorado,2002,10.375995449374289,493,0
Colorado,2003,15.532423208191126,738,0
Colorado,2004,71.81114903299203,3412,0
Colorado,2005,84.01820250284415,3992,0
Colorado,2006,92.5,4395,1
Colorado,2007,89,4328,1
Colorado,2008,100.9,4983,1
Colorado,2009,95,4775,1
Colorado,2010,78.8,3961,1
Colorado,2011,82.6,4156,1
Colorado,2012,93.8,4864,1
Colorado,2013,79.6,4195,1
Colorado,2014,85.5,4579,1
Colorado,2015,123.2,6724,1
Colorado,2016,112,6203,1
Colorado,2017,108,6051,1
Colorado,2018,110,6151,1
Colorado,2019,110,6272,1
Colorado,2020,361,20762,1
Connecticut,2000,7.838983892448813,274.6027032233209,0
Connecticut,2001,21.717183681462537,760.7615256196224,0
Connecticut,2002,7.850325379609544,275,0
Connecticut,2003,11.64702819956616,408,0
Connecticut,2004,52.0690672451193,1824,0
Connecticut,2005,63.03097613882862,2208,0
Connecticut,2006,65.8,2305,1
Connecticut,2007,68.8,2409,1
Connecticut,2008,86.6,3031,1
Connecticut,2009,76.2,2682,1
Connecticut,2010,65.2,2330,1
Connecticut,2011,67.5,2413,1
Connecticut,2012,81.2,2915,1
Connecticut,2013,69.4,2496,1
Connecticut,2014,85.4,3071,1
Connecticut,2015,225,8078,1
Connecticut,2016,137.9,4933,1
Connecticut,2017,114,4078,1
Connecticut,2018,108,3864,1
Connecticut,2019,128,4564,1
Connecticut,2020,191,6821,1
Delaware,2000,7.491446042624781,63.907538204700145,0
Delaware,2001,20.75436204227541,177.04995505329396,0
Delaware,2002,7.502284710017576,64,0
Delaware,2003,14.41845342706503,123,0
Delaware,2004,63.3005272407733,540,0
Delaware,2005,77.83620386643236,664,1
Delaware,2006,66.7,569,1
Delaware,2007,69.7,603,1
Delaware,2008,86.9,759,1
Delaware,2009,81.9,725,1
Delaware,2010,73.9,664,1
Delaware,2011,83.5,750,1
Delaware,2012,98.4,902,1
Delaware,2013,81.1,751,1
Delaware,2014,78.1,731,1
Delaware,2015,124.9,1181,1
Delaware,2016,155.9,1484,1
Delaware,2017,126,1211,1
Delaware,2018,158,1517,1
Delaware,2019,226,2188,1
Delaware,2020,449,4374,1
District of Columbia,2017,192,1333,0
District of Columbia,2018,167,1156,0
District of Columbia,2019,221,1550,0
District of Columbia,2020,368,2595,1
Florida,2000,15.728464439268352,2844.8840053936046,0
Florida,2001,43.574263698128,7881.489405419288,0
Florida,2002,15.751220472440943,2849,0
Florida,2003,19.947491563554557,3608,0
Florida,2004,92.72708661417323,16772,0
Florida,2005,102.56814398200225,18552,1
Florida,2006,98.3,17780,1
Florida,2007,105.6,19270,1
Florida,2008,133.3,24440,1
Florida,2009,122.3,22664,1
Florida,2010,114.8,21581,1
Florida,2011,178.7,33595,1
Florida,2012,361.3,69795,1
Florida,2013,192.9,37720,1
Florida,2014,186.3,37059,1
Florida,2015,217.4,44063,1
Florida,2016,166.8,34384,1
Florida,2017,149,31167,1
Florida,2018,180,37797,1
Florida,2019,304,64842,1
Florida,2020,472,101367,1
Georgia,2000,8.186868699256241,766.8904584564017,0
Georgia,2001,22.680966533051855,2124.5994606395275,0
Georgia,2002,8.198713508164275,768,0
Georgia,2003,12.1806407718951,1141,0
Georgia,2004,60.8071251855517,5696,0
Georgia,2005,68.45071746660068,6412,1
Georgia,2006,86.3,8084,1
Georgia,2007,91.6,8744,1
Georgia,2008,111,10748,1
Georgia,2009,97.2,9556,1
Georgia,2010,97.1,9404,1
Georgia,2011,120,11625,1
Georgia,2012,193.9,19232,1
Georgia,2013,134.1,13402,1
Georgia,2014,112.7,11384,1
Georgia,2015,149.1,15230,1
Georgia,2016,124,12787,1
Georgia,2017,120,12548,1
Georgia,2018,229,23871,1
Georgia,2019,427,44888,1
Georgia,2020,654,69487,1
Hawaii,2000,9.623799808102099,123.82085527160652,0
Hawaii,2001,26.661851971338507,343.034287915757,0
Hawaii,2002,9.637723577235771,124,0
Hawaii,2003,12.435772357723575,160,0
Hawaii,2004,53.16292682926829,684,0
Hawaii,2005,70.2621138211382,904,0
Hawaii,2006,47.8,615,0
Hawaii,2007,45.9,589,1
Hawaii,2008,55.2,711,1
Hawaii,2009,45.1,584,1
Hawaii,2010,43.3,589,1
Hawaii,2011,42.9,583,1
Hawaii,2012,47.3,658,1
Hawaii,2013,37.8,531,1
Hawaii,2014,40.9,580,1
Hawaii,2015,62.6,896,1
Hawaii,2016,55.2,789,1
Hawaii,2017,62,890,1
Hawaii,2018,72,1021,1
Hawaii,2019,95,1347,1
Hawaii,2020,271,3835,1
Idaho,2000,5.042843261016773,73.89309104918455,0
Idaho,2001,13.97073330917575,204.71401053037116,0
Idaho,2002,5.050139275766017,74,0
Idaho,2003,7.438718662952645,109,0
Idaho,2004,37.94428969359331,556,0
Idaho,2005,45.86072423398328,672,0
Idaho,2006,49,718,1
Idaho,2007,49.2,737,1
Idaho,2008,56.9,867,1
Idaho,2009,48.8,755,1
Idaho,2010,46.5,729,1
Idaho,2011,42,658,1
Idaho,2012,56.7,905,1
Idaho,2013,49.5,798,1
Idaho,2014,58.9,962,1
Idaho,2015,101.3,1676,1
Idaho,2016,80.1,1348,1
Idaho,2017,79,1356,1
Idaho,2018,80,1368,1
Idaho,2019,81,1420,1
Idaho,2020,132,2353,1
Illinois,2000,10.815245297794856,1386.9932900988827,0
Illinois,2001,29.962642086627895,3842.5373057660204,0
Illinois,2002,10.830892857142857,1389,0
Illinois,2003,14.846666666666666,1904,0
Illinois,2004,66.5292857142857,8532,0
Illinois,2005,71.6445238095238,9188,0
Illinois,2006,78.6,10080,1
Illinois,2007,80.2,10304,1
Illinois,2008,106.4,13726,1
Illinois,2009,93.8,12113,1
Illinois,2010,80.6,10345,1
Illinois,2011,80.8,10361,1
Illinois,2012,100.9,12993,1
Illinois,2013,85.9,11069,1
Illinois,2014,95.6,12317,1
Illinois,2015,158.7,20414,1
Illinois,2016,138,17660,1
Illinois,2017,124,15841,1
Illinois,2018,127,16296,1
Illinois,2019,182,23139,1
Illinois,2020,1066,135038,1
Indiana,2000,8.06419825185168,509.2631950687042,0
Indiana,2001,22.341119344293336,1410.866829330936,0
Indiana,2002,8.075865580448065,510,0
Indiana,2003,11.49623217922607,726,0
Indiana,2004,54.09246435845214,3416,0
Indiana,2005,54.915885947046846,3468,0
Indiana,2006,62.2,3928,1
Indiana,2007,63.4,4026,1
Indiana,2008,72,4589,1
Indiana,2009,64.8,4163,1
Indiana,2010,54.9,3560,1
Indiana,2011,54.8,3555,1
Indiana,2012,67.5,4412,1
Indiana,2013,58.5,3845,1
Indiana,2014,68.2,4498,1
Indiana,2015,93.9,6217,1
Indiana,2016,76.8,5091,1
Indiana,2017,75,5027,1
Indiana,2018,74,4918,1
Indiana,2019,95,6386,1
Indiana,2020,257,17306,1
Iowa,2000,4.251581736081478,126.81652112495183,0
Iowa,2001,11.77861605101337,351.3335045588802,0
Iowa,2002,4.257732949087416,127,0
Iowa,2003,6.90624399615754,206,0
Iowa,2004,28.295485110470697,844,0
Iowa,2005,35.536983669548505,1060,0
Iowa,2006,34.9,1041,0
Iowa,2007,35.6,1063,0
Iowa,2008,44.9,1347,1
Iowa,2009,39.2,1179,1
Iowa,2010,36.5,1111,1
Iowa,2011,39.7,1208,1
Iowa,2012,52.3,1608,1
Iowa,2013,40.4,1248,1
Iowa,2014,48.5,1506,1
Iowa,2015,89.7,2803,1
Iowa,2016,68.1,2135,1
Iowa,2017,59,1870,1
Iowa,2018,53,1654,1
Iowa,2019,61,1910,1
Iowa,2020,96,3022,1
Kansas,2000,6.427600878936745,177.74284063182228,0
Kansas,2001,17.80707689085366,492.4201874919738,0
Kansas,2002,6.436900369003689,178,0
Kansas,2003,10.053136531365311,278,0
Kansas,2004,52.21845018450184,1444,0
Kansas,2005,45.56457564575645,1260,0
Kansas,2006,58.8,1626,0
Kansas,2007,61,1694,1
Kansas,2008,71.6,2005,1
Kansas,2009,67.6,1906,1
Kansas,2010,60.2,1717,1
Kansas,2011,67.1,1914,1
Kansas,2012,72,2077,1
Kansas,2013,61.6,1783,1
Kansas,2014,65.2,1892,1
Kansas,2015,112.7,3282,1
Kansas,2016,87.1,2532,1
Kansas,2017,72,2100,1
Kansas,2018,74,2142,1
Kansas,2019,78,2273,1
Kansas,2020,1483,43211,1
Kentucky,2000,4.512158080350254,189.72550404520354,0
Kentucky,2001,12.50051883958527,525.6170540644664,0
Kentucky,2002,4.5186862967157415,190,0
Kentucky,2003,6.63533408833522,279,0
Kentucky,2004,35.00792751981879,1472,0
Kentucky,2005,39.66930917327293,1668,0
Kentucky,2006,42,1766,0
Kentucky,2007,43.3,1836,0
Kentucky,2008,56.1,2396,0
Kentucky,2009,48.4,2088,0
Kentucky,2010,42.6,1847,0
Kentucky,2011,43.6,1891,0
Kentucky,2012,56.2,2463,0
Kentucky,2013,50.1,2201,0
Kentucky,2014,53.4,2358,1
Kentucky,2015,80.9,3581,1
Kentucky,2016,65.3,2898,1
Kentucky,2017,69,3060,1
Kentucky,2018,57,2522,1
Kentucky,2019,67,2977,1
Kentucky,2020,127,5693,1
Louisiana,2000,7.217394711088767,309.5521381790163,0
Louisiana,2001,19.99512804118885,857.5857197893926,0
Louisiana,2002,7.227836879432624,310,0
Louisiana,2003,9.81586879432624,421,0
Louisiana,2004,46.72446808510638,2004,0
Louisiana,2005,53.6258865248227,2300,0
Louisiana,2006,52.6,2256,1
Louisiana,2007,62.3,2674,1
Louisiana,2008,86.6,3819,1
Louisiana,2009,72.4,3252,1
Louisiana,2010,63.9,2896,1
Louisiana,2011,64.7,2934,1
Louisiana,2012,87.6,4031,1
Louisiana,2013,69.3,3204,1
Louisiana,2014,73.8,3430,1
Louisiana,2015,94.4,4410,1
Louisiana,2016,69.7,3264,1
Louisiana,2017,71,3340,1
Louisiana,2018,111,5202,1
Louisiana,2019,227,10582,1
Louisiana,2020,473,21976,1
Maine,2000,4.530587976297493,59.91331706690638,0
Maine,2001,12.551577170742451,165.98433286246308,0
Maine,2002,4.537142857142858,60,0
Maine,2003,6.578857142857144,87,0
Maine,2004,30.550095238095246,404,0
Maine,2005,42.04419047619048,556,0
Maine,2006,39.7,525,1
Maine,2007,40.2,530,1
Maine,2008,47.3,623,1
Maine,2009,38.8,511,1
Maine,2010,32,425,1
Maine,2011,37.9,503,1
Maine,2012,50.1,666,1
Maine,2013,38.5,511,1
Maine,2014,52.1,693,1
Maine,2015,113.9,1514,1
Maine,2016,87.9,1170,1
Maine,2017,60,806,1
Maine,2018,56,744,1
Maine,2019,60,807,1
Maine,2020,534,7183,1
Maryland,2000,14.17006996679085,795.8485617054065,0
Maryland,2001,39.25687518562306,2204.8252215230514,0
Maryland,2002,14.190571305841924,797,0
Maryland,2003,17.324248281786943,973,0
Maryland,2004,79.69510309278353,4476,0
Maryland,2005,87.3868556701031,4908,0
Maryland,2006,82.9,4656,0
Maryland,2007,85.8,4821,0
Maryland,2008,96.1,5412,1
Maryland,2009,91.8,5232,1
Maryland,2010,82.9,4784,1
Maryland,2011,86.3,4980,1
Maryland,2012,105,6178,1
Maryland,2013,95.5,5660,1
Maryland,2014,95.9,5734,1
Maryland,2015,183.2,11006,1
Maryland,2016,137.1,8251,1
Maryland,2017,129,7788,1
Maryland,2018,145,8747,1
Maryland,2019,210,12675,1
Maryland,2020,343,20718,1
Massachusetts,2000,7.737781042921365,498.2790869397714,0
Massachusetts,2001,21.436810497586993,1380.4363683061513,0
Massachusetts,2002,7.748976109215017,499,0
Massachusetts,2003,12.019453924914677,774,0
Massachusetts,2004,49.941296928327645,3216,0
Massachusetts,2005,56.96040955631399,3668,0
Massachusetts,2006,63.7,4102,0
Massachusetts,2007,66.5,4292,1
Massachusetts,2008,83.2,5408,1
Massachusetts,2009,69,4551,1
Massachusetts,2010,61.8,4044,1
Massachusetts,2011,63,4128,1
Massachusetts,2012,73.4,4879,1
Massachusetts,2013,63.3,4237,1
Massachusetts,2014,75.8,5116,1
Massachusetts,2015,125.5,8530,1
Massachusetts,2016,107,7287,1
Massachusetts,2017,88,6016,1
Massachusetts,2018,93,6387,1
Massachusetts,2019,125,8606,1
Massachusetts,2020,661,45575,1
Michigan,2000,11.335486545064226,1144.344355977912,0
Michigan,2001,31.403922599591493,3170.300757673045,0
Michigan,2002,11.351886792452833,1146,0
Michigan,2003,17.424056603773586,1759,0
Michigan,2004,77.50188679245284,7824,0
Michigan,2005,72.94528301886794,7364,0
Michigan,2006,67.2,6784,0
Michigan,2007,70.3,7079,1
Michigan,2008,83.6,8363,1
Michigan,2009,75.5,7525,1
Michigan,2010,69.6,6880,1
Michigan,2011,82.1,8119,1
Michigan,2012,122.2,12075,1
Michigan,2013,97.1,9606,1
Michigan,2014,104.3,10338,1
Michigan,2015,158.1,15684,1
Michigan,2016,175.6,17430,1
Michigan,2017,151,15027,1
Michigan,2018,140,13952,1
Michigan,2019,135,13532,1
Michigan,2020,244,24370,1
Minnesota,2000,7.268592393650871,375.45678695261336,0
Minnesota,2001,20.13696651050086,1040.168485938102,0
Minnesota,2002,7.279108635097492,376,0
Minnesota,2003,10.415320334261835,538,0
Minnesota,2004,44.37158774373258,2292,0
Minnesota,2005,51.96044568245125,2684,0
Minnesota,2006,55.6,2872,0
Minnesota,2007,55,2857,0
Minnesota,2008,67.6,3528,1
Minnesota,2009,54.6,2877,1
Minnesota,2010,49.2,2612,1
Minnesota,2011,50.4,2671,1
Minnesota,2012,63.9,3437,1
Minnesota,2013,53.8,2917,1
Minnesota,2014,59.2,3229,1
Minnesota,2015,97.8,5368,1
Minnesota,2016,107.2,5919,1
Minnesota,2017,78,4324,1
Minnesota,2018,73,4070,1
Minnesota,2019,80,4499,1
Minnesota,2020,146,8246,1
Mississippi,2000,5.794628346440855,168.7558430717863,0
Mississippi,2001,16.053484723535206,467.5225375626043,0
Mississippi,2002,5.803012048192771,169,0
Mississippi,2003,8.653012048192771,252,0
Mississippi,2004,36.672289156626505,1068,0
Mississippi,2005,43.67710843373494,1272,0
Mississippi,2006,51.3,1494,0
Mississippi,2007,57.3,1673,0
Mississippi,2008,80.5,2367,0
Mississippi,2009,73.2,2161,0
Mississippi,2010,67.1,1992,0
Mississippi,2011,74.5,2210,1
Mississippi,2012,100.2,2990,1
Mississippi,2013,74.7,2233,1
Mississippi,2014,80.5,2409,1
Mississippi,2015,98.8,2955,1
Mississippi,2016,79.6,2378,1
Mississippi,2017,69,2064,1
Mississippi,2018,97,2894,1
Mississippi,2019,158,4714,1
Mississippi,2020,371,11048,1
Missouri,2000,8.831187814612829,516.2530820598433,0
Missouri,2001,24.465993364291492,1430.2316681648904,0
Missouri,2002,8.84396482813749,517,0
Missouri,2003,12.179696243005596,712,0
Missouri,2004,61.309032773780984,3584,0
Missouri,2005,57.408792965627505,3356,0
Missouri,2006,64.2,3753,0
Missouri,2007,67.4,3962,0
Missouri,2008,75,4433,0
Missouri,2009,64.3,3850,1
Missouri,2010,65.5,3920,1
Missouri,2011,71.5,4282,1
Missouri,2012,74.8,4505,1
Missouri,2013,67,4052,1
Missouri,2014,118.7,7195,1
Missouri,2015,364.3,22164,1
Missouri,2016,136.1,8292,1
Missouri,2017,82,4994,1
Missouri,2018,85,5222,1
Missouri,2019,121,7406,1
Missouri,2020,222,13653,1
Montana,2000,5.1747711756981225,48.92920893797354,0
Montana,2001,14.336227459330477,135.55387183767817,0
Montana,2002,5.1822580645161285,49,0
Montana,2003,5.816820276497696,55,0
Montana,2004,36.3815668202765,344,0
Montana,2005,52.88018433179723,500,0
Montana,2006,45.9,434,1
Montana,2007,40.8,391,1
Montana,2008,46.5,450,1
Montana,2009,41.8,408,1
Montana,2010,39.6,392,1
Montana,2011,39.4,390,1
Montana,2012,49.8,501,1
Montana,2013,50.1,509,1
Montana,2014,57.2,585,1
Montana,2015,87.2,901,1
Montana,2016,68.2,711,1
Montana,2017,61,638,1
Montana,2018,76,799,1
Montana,2019,67,707,1
Montana,2020,228,2439,1
Nebraska,2000,4.914203466104147,86.87430974701427,0
Nebraska,2001,13.614348592330712,240.67728265057147,0
Nebraska,2002,4.921313364055299,87,0
Nebraska,2003,7.466820276497695,132,0
Nebraska,2004,38.012903225806454,672,0
Nebraska,2005,38.691705069124424,684,0
Nebraska,2006,49.1,868,1
Nebraska,2007,44.7,793,1
Nebraska,2008,59.2,1055,1
Nebraska,2009,52.2,938,1
Nebraska,2010,47.1,860,1
Nebraska,2011,47.6,869,1
Nebraska,2012,57.6,1068,1
Nebraska,2013,51.6,965,1
Nebraska,2014,48.6,914,1
Nebraska,2015,100.5,1905,1
Nebraska,2016,83.1,1584,1
Nebraska,2017,61,1170,1
Nebraska,2018,67,1281,1
Nebraska,2019,68,1320,1
Nebraska,2020,113,2182,1
Nevada,2000,16.209013635335392,404.41489020161805,0
Nevada,2001,44.9055810349349,1120.3942468216258,0
Nevada,2002,16.23246492985972,405,0
Nevada,2003,22.965931863727455,573,0
Nevada,2004,104.20841683366733,2600,0
Nevada,2005,125.21042084168337,3124,1
Nevada,2006,120,2994,1
Nevada,2007,114.2,2930,1
Nevada,2008,126,3275,1
Nevada,2009,106,2802,1
Nevada,2010,89.7,2423,1
Nevada,2011,89.9,2427,1
Nevada,2012,109.9,3032,1
Nevada,2013,97.1,2708,1
Nevada,2014,100.2,2846,1
Nevada,2015,125,3613,1
Nevada,2016,135.8,3993,1
Nevada,2017,128,3828,1
Nevada,2018,194,5816,1
Nevada,2019,256,7757,1
Nevada,2020,740,22801,1
New Hampshire,2000,6.380867134485377,83.87864389366894,0
New Hampshire,2001,17.677605351391698,232.37806600744833,0
New Hampshire,2002,6.3900990099009904,84,0
New Hampshire,2003,9.433003300330032,124,0
New Hampshire,2004,36.21056105610562,476,0
New Hampshire,2005,53.55511551155116,704,0
New Hampshire,2006,46.1,606,0
New Hampshire,2007,48.9,643,1
New Hampshire,2008,57.7,759,1
New Hampshire,2009,44.1,584,1
New Hampshire,2010,38.2,503,1
New Hampshire,2011,46.9,617,1
New Hampshire,2012,59.2,782,1
New Hampshire,2013,51.9,687,1
New Hampshire,2014,54.7,726,1
New Hampshire,2015,142,1890,1
New Hampshire,2016,101.3,1352,1
New Hampshire,2017,82,1097,1
New Hampshire,2018,117,1565,1
New Hampshire,2019,96,1302,1
New Hampshire,2020,169,2301,1
New Jersey,2000,11.996781242238663,1046.4859381019648,0
New Jersey,2001,33.23597871849086,2899.193013997689,0
New Jersey,2002,12.014138254613698,1048,0
New Jersey,2003,14.822786987801065,1293,0
New Jersey,2004,68.0954019393181,5940,0
New Jersey,2005,70.93844228964653,6188,0
New Jersey,2006,73.3,6394,1
New Jersey,2007,79,6864,1
New Jersey,2008,94.2,8181,1
New Jersey,2009,84.5,7361,1
New Jersey,2010,77.4,6807,1
New Jersey,2011,86.4,7599,1
New Jersey,2012,95.1,8430,1
New Jersey,2013,80.6,7176,1
New Jersey,2014,79.9,7144,1
New Jersey,2015,125.8,11266,1
New Jersey,2016,111.5,9977,1
New Jersey,2017,106,9533,1
New Jersey,2018,125,11273,1
New Jersey,2019,205,18220,1
New Jersey,2020,362,32125,1
New Mexico,2000,7.557973162217643,147.7861820983691,0
New Mexico,2001,20.9386693065611,409.4280210607423,0
New Mexico,2002,7.568908081431217,148,0
New Mexico,2003,15.086674892041952,295,0
New Mexico,2004,65.05169648365208,1272,0
New Mexico,2005,74.25712523133869,1452,0
New Mexico,2006,82.9,1621,0
New Mexico,2007,87.5,1723,0
New Mexico,2008,104.9,2081,0
New Mexico,2009,98,1969,0
New Mexico,2010,86.1,1773,0
New Mexico,2011,78.2,1610,0
New Mexico,2012,89.1,1858,0
New Mexico,2013,69.4,1448,0
New Mexico,2014,77.2,1611,0
New Mexico,2015,101.1,2109,0
New Mexico,2016,96.9,2016,0
New Mexico,2017,91,1909,1
New Mexico,2018,96,2000,1
New Mexico,2019,100,2088,1
New Mexico,2020,165,3454,1
New York,2000,14.370820176457855,2774.985135482214,0
New York,2001,39.813035172331304,7687.841017079749,0
New York,2002,14.39161196207148,2779,0
New York,2003,19.140481400437636,3696,0
New York,2004,86.00787746170678,16608,0
New York,2005,87.74792122538294,16944,1
New York,2006,85.2,16452,1
New York,2007,100.1,19319,1
New York,2008,116.2,22647,1
New York,2009,96.7,18906,1
New York,2010,85.1,16494,1
New York,2011,92.3,17880,1
New York,2012,110.1,21538,1
New York,2013,86.9,17072,1
New York,2014,80.8,15959,1
New York,2015,122,24157,1
New York,2016,102.3,20205,1
New York,2017,103,20397,1
New York,2018,122,24248,1
New York,2019,186,36337,1
New York,2020,345,67202,1
North Carolina,2000,7.531413875739405,667.0349300115577,0
North Carolina,2001,20.86508924684799,1847.9589058687554,0
North Carolina,2002,7.542310368823941,668,0
North Carolina,2003,12.803862212943637,1134,0
North Carolina,2004,51.84773834377176,4592,0
North Carolina,2005,55.09951287404316,4880,1
North Carolina,2006,64.9,5748,1
North Carolina,2007,67,6069,1
North Carolina,2008,82.5,7609,1
North Carolina,2009,72.5,6798,1
North Carolina,2010,62.8,5986,1
North Carolina,2011,65.9,6287,1
North Carolina,2012,81.1,7910,1
North Carolina,2013,67.8,6679,1
North Carolina,2014,73.8,7334,1
North Carolina,2015,106,10646,1
North Carolina,2016,96.1,9746,1
North Carolina,2017,92,9424,1
North Carolina,2018,112,11481,1
North Carolina,2019,179,18584,1
North Carolina,2020,288,30176,1
North Dakota,2000,1.5691583041332626,9.985552844484397,0
North Dakota,2001,4.3472087178264145,27.664055477077177,0
North Dakota,2002,1.5714285714285716,10,0
North Dakota,2003,2.8285714285714287,18,0
North Dakota,2004,22,140,0
North Dakota,2005,22,140,1
North Dakota,2006,29.7,189,1
North Dakota,2007,28.5,182,1
North Dakota,2008,35.7,229,1
North Dakota,2009,29.7,192,1
North Dakota,2010,29.6,199,1
North Dakota,2011,23.2,156,1
North Dakota,2012,41.2,288,1
North Dakota,2013,32.1,232,1
North Dakota,2014,43.1,319,1
North Dakota,2015,76,575,1
North Dakota,2016,61.3,465,1
North Dakota,2017,62,467,1
North Dakota,2018,63,474,1
North Dakota,2019,59,448,1
North Dakota,2020,166,1266,1
Ohio,2000,7.5484275393115174,866.7459869012456,0
Ohio,2001,20.91222403650435,2401.2400154102993,0
Ohio,2002,7.55934864786275,868,0
Ohio,2003,10.825196277987787,1243,0
Ohio,2004,51.76586216923524,5944,0
Ohio,2005,57.40924687409131,6592,0
Ohio,2006,59.9,6878,1
Ohio,2007,62.6,7178,1
Ohio,2008,71.7,8237,1
Ohio,2009,65.2,7525,1
Ohio,2010,59.3,6844,1
Ohio,2011,64.8,7479,1
Ohio,2012,77,8891,1
Ohio,2013,64.8,7502,1
Ohio,2014,79,9161,1
Ohio,2015,134.4,15611,1
Ohio,2016,94.8,11009,1
Ohio,2017,78,9121,1
Ohio,2018,88,10268,1
Ohio,2019,118,13788,1
Ohio,2020,222,25893,1
Oklahoma,2000,6.3355541805222435,226.67204956979583,0
Oklahoma,2001,17.552069981263564,627.974059329652,0
Oklahoma,2002,6.34472049689441,227,0
Oklahoma,2003,10.537267080745345,377,0
Oklahoma,2004,49.75155279503105,1780,0
Oklahoma,2005,57.465838509316775,2056,0
Oklahoma,2006,63,2254,0
Oklahoma,2007,63.9,2312,0
Oklahoma,2008,74,2696,1
Oklahoma,2009,71.4,2633,1
Oklahoma,2010,59.6,2234,1
Oklahoma,2011,56.4,2115,1
Oklahoma,2012,67.8,2586,1
Oklahoma,2013,60,2309,1
Oklahoma,2014,68.5,2656,1
Oklahoma,2015,120,4695,1
Oklahoma,2016,85.1,3337,1
Oklahoma,2017,74,2901,1
Oklahoma,2018,79,3109,1
Oklahoma,2019,94,3706,1
Oklahoma,2020,349,13797,1
Oregon,2000,12.606521025729222,466.3253178374213,0
Oregon,2001,34.92520669212088,1291.9113907795042,0
Oregon,2002,12.624760213143873,467,0
Oregon,2003,18.57218472468917,687,0
Oregon,2004,82.39886323268206,3048,0
Oregon,2005,82.61513321492006,3056,0
Oregon,2006,76.1,2815,0
Oregon,2007,68.1,2552,1
Oregon,2008,77.5,2937,1
Oregon,2009,67.5,2583,1
Oregon,2010,58.9,2256,1
Oregon,2011,58.1,2226,1
Oregon,2012,63.3,2467,1
Oregon,2013,60.3,2370,1
Oregon,2014,124.6,4946,1
Oregon,2015,126.1,5081,1
Oregon,2016,105.3,4312,1
Oregon,2017,90,3714,1
Oregon,2018,101,4179,1
Oregon,2019,96,4005,1
Oregon,2020,176,7432,1
Pennsylvania,2000,9.303865845843605,1158.32412996019,0
Pennsylvania,2001,25.775504363072752,3209.030435340953,0
Pennsylvania,2002,9.317326732673267,1160,0
Pennsylvania,2003,11.84746287128713,1475,0
Pennsylvania,2004,56.03247524752475,6976,0
Pennsylvania,2005,65.34980198019802,8136,0
Pennsylvania,2006,64.9,8080,1
Pennsylvania,2007,72.5,9016,1
Pennsylvania,2008,86.1,10723,1
Pennsylvania,2009,78.4,9887,1
Pennsylvania,2010,71,9025,1
Pennsylvania,2011,79.2,10061,1
Pennsylvania,2012,88.7,11324,1
Pennsylvania,2013,70,8943,1
Pennsylvania,2014,81.7,10446,1
Pennsylvania,2015,116.2,14877,1
Pennsylvania,2016,109.7,14030,1
Pennsylvania,2017,97,12468,1
Pennsylvania,2018,107,13725,1
Pennsylvania,2019,163,20899,1
Pennsylvania,2020,265,33886,1
Puerto Rico,2017,61,2046,1
Puerto Rico,2018,51,1710,1
Puerto Rico,2019,51,1621,1
Puerto Rico,2020,52,1663,1
Rhode Island,2000,6.172532958307623,65.90464877359702,0
Rhode Island,2001,17.100434683196195,182.5827661487094,0
Rhode Island,2002,6.1814634146341465,66,0
Rhode Island,2003,10.958048780487806,117,0
Rhode Island,2004,38.9619512195122,416,0
Rhode Island,2005,53.94731707317074,576,0
Rhode Island,2006,57.6,615,1
Rhode Island,2007,56,592,1
Rhode Island,2008,78.4,824,1
Rhode Island,2009,63.8,672,1
Rhode Island,2010,55,579,1
Rhode Island,2011,58.3,614,1
Rhode Island,2012,91.7,963,1
Rhode Island,2013,60.6,637,1
Rhode Island,2014,66.2,699,1
Rhode Island,2015,141.2,1491,1
Rhode Island,2016,115.1,1216,1
Rhode Island,2017,123,1302,1
Rhode Island,2018,93,990,1
Rhode Island,2019,108,1146,1
Rhode Island,2020,1191,12621,1
South Carolina,2000,5.7975506085084305,250.63737639655838,0
South Carolina,2001,16.06158058174306,694.3677924746372,0
South Carolina,2002,5.80593853820598,251,0
South Carolina,2003,10.015822259136211,433,0
South Carolina,2004,46.81760797342192,2024,0
South Carolina,2005,59.400996677740864,2568,0
South Carolina,2006,55.7,2408,0
South Carolina,2007,60.6,2670,0
South Carolina,2008,73.5,3292,0
South Carolina,2009,67.3,3070,1
South Carolina,2010,58.9,2726,1
South Carolina,2011,68.5,3168,1
South Carolina,2012,90.6,4282,1
South Carolina,2013,70.7,3374,1
South Carolina,2014,73.3,3540,1
South Carolina,2015,102.3,5010,1
South Carolina,2016,89.5,4438,1
South Carolina,2017,90,4509,1
South Carolina,2018,126,6339,1
South Carolina,2019,213,10851,1
South Carolina,2020,373,19193,1
South Dakota,2000,1.788937179088137,13.979773982278157,0
South Dakota,2001,4.95608587106281,38.72967766790806,0
South Dakota,2002,1.7915254237288134,14,0
South Dakota,2003,4.222881355932203,33,0
South Dakota,2004,25.59322033898305,200,0
South Dakota,2005,30.199999999999996,236,0
South Dakota,2006,30.2,236,0
South Dakota,2007,30.8,245,0
South Dakota,2008,33.8,272,0
South Dakota,2009,29.1,236,0
South Dakota,2010,24.6,200,0
South Dakota,2011,25.3,206,0
South Dakota,2012,39.6,330,0
South Dakota,2013,33.4,282,0
South Dakota,2014,36.3,310,0
South Dakota,2015,63.1,542,0
South Dakota,2016,58.1,503,0
South Dakota,2017,46,403,0
South Dakota,2018,56,486,1
South Dakota,2019,47,411,1
South Dakota,2020,72,637,1
Tennessee,2000,7.510808993853236,453.34409913959166,0
Tennessee,2001,20.808005317247392,1255.948118659304,0
Tennessee,2002,7.5216756756756755,454,0
Tennessee,2003,10.603243243243242,640,0
Tennessee,2004,49.90151351351351,3012,0
Tennessee,2005,52.55232432432432,3172,1
Tennessee,2006,61.3,3700,1
Tennessee,2007,64.7,3986,1
Tennessee,2008,80.2,4982,1
Tennessee,2009,69.4,4370,1
Tennessee,2010,65.8,4175,1
Tennessee,2011,67.4,4275,1
Tennessee,2012,88.1,5690,1
Tennessee,2013,68.8,4468,1
Tennessee,2014,76.2,4993,1
Tennessee,2015,107.9,7121,1
Tennessee,2016,86,5718,1
Tennessee,2017,83,5586,1
Tennessee,2018,101,6808,1
Tennessee,2019,158,10664,1
Tennessee,2020,281,19182,1
Texas,2000,9.988286718830807,2348.60202902273,0
Texas,2001,27.67162942443536,6506.585848208552,0
Texas,2002,10.0027378297316,2352,0
Texas,2003,15.459163270014612,3635,0
Texas,2004,76.73869107129124,18044,0
Texas,2005,87.42188725678687,20556,1
Texas,2006,110.6,26006,1
Texas,2007,107.9,25796,1
Texas,2008,130.3,31708,1
Texas,2009,116.4,28844,1
Texas,2010,96.1,24158,1
Texas,2011,96.1,24162,1
Texas,2012,108.6,28299,1
Texas,2013,88,23266,1
Texas,2014,95.9,25843,1
Texas,2015,144.3,39630,1
Texas,2016,119.2,33214,1
Texas,2017,118,33454,1
Texas,2018,159,45030,1
Texas,2019,256,73553,1
Texas,2020,465,134788,1
Utah,2000,5.791494009942428,147.7861820983691,0
Utah,2001,16.044801332627696,409.4280210607423,0
Utah,2002,5.799873176918199,148,0
Utah,2003,9.091693088142042,232,0
Utah,2004,52.355611921369686,1336,0
Utah,2005,48.59353202282814,1240,0
Utah,2006,61.8,1577,0
Utah,2007,57.8,1529,1
Utah,2008,64.9,1775,1
Utah,2009,62.4,1738,1
Utah,2010,53.8,1488,1
Utah,2011,54.8,1514,1
Utah,2012,55.5,1586,1
Utah,2013,49.3,1429,1
Utah,2014,53.9,1586,1
Utah,2015,85.7,2567,1
Utah,2016,83.2,2540,1
Utah,2017,79,2452,1
Utah,2018,94,2915,1
Utah,2019,149,4702,1
Utah,2020,292,9366,1
Vermont,2000,3.8371450256333306,23.965326826762553,0
Vermont,2001,10.630457273213928,66.39373314498523,0
Vermont,2002,3.842696629213483,24,0
Vermont,2003,5.603932584269663,35,0
Vermont,2004,33.943820224719104,212,0
Vermont,2005,37.78651685393258,236,0
Vermont,2006,28.5,178,0
Vermont,2007,38.1,237,1
Vermont,2008,47.6,296,1
Vermont,2009,44.6,277,1
Vermont,2010,39.2,245,1
Vermont,2011,41.4,259,1
Vermont,2012,52.1,326,1
Vermont,2013,43.7,274,1
Vermont,2014,64.2,402,1
Vermont,2015,83.9,525,1
Vermont,2016,62,387,1
Vermont,2017,57,354,1
Vermont,2018,51,316,1
Vermont,2019,54,338,1
Vermont,2020,130,810,1
Virginia,2000,8.412356888070518,643.0696031847953,0
Virginia,2001,23.30566081507444,1781.5651727237705,0
Virginia,2002,8.424527934592176,644,0
Virginia,2003,12.087366167023555,924,0
Virginia,2004,53.843722016741296,4116,0
Virginia,2005,58.81471676075532,4496,0
Virginia,2006,67.2,5137,0
Virginia,2007,69,5319,0
Virginia,2008,81.7,6349,1
Virginia,2009,72.8,5741,1
Virginia,2010,63.3,5065,1
Virginia,2011,67.7,5416,1
Virginia,2012,80.8,6616,1
Virginia,2013,73.1,6037,1
Virginia,2014,71.1,5921,1
Virginia,2015,123.2,10329,1
Virginia,2016,104.3,8772,1
Virginia,2017,90,7656,1
Virginia,2018,97,8196,1
Virginia,2019,121,10284,1
Virginia,2020,183,15632,1
Washington,2000,12.938289803104741,827.8023308077566,0
Washington,2001,35.84434156685623,2293.3501990496984,0
Washington,2002,12.957008995502248,829,0
Washington,2003,16.84880059970015,1078,0
Washington,2004,83.4,5336,0
Washington,2005,89.96446776611695,5756,1
Washington,2006,83.4,5336,1
Washington,2007,76.4,4942,1
Washington,2008,89.4,5855,1
Washington,2009,77.2,5145,1
Washington,2010,69.1,4646,1
Washington,2011,72.2,4853,1
Washington,2012,77.9,5373,1
Washington,2013,68,4739,1
Washington,2014,154.8,10930,1
Washington,2015,126.1,9043,1
Washington,2016,114,8310,1
Washington,2017,99,7360,1
Washington,2018,100,7380,1
Washington,2019,94,7110,1
Washington,2020,712,54247,1
West Virginia,2000,4.390850089938313,79.88442275587518,0
West Virginia,2001,12.164446212577712,221.31244381661742,0
West Virginia,2002,4.397202797202796,80,0
West Virginia,2003,5.606433566433566,102,0
West Virginia,2004,32.09958041958041,584,0
West Virginia,2005,32.97902097902097,600,0
West Virginia,2006,39.3,715,0
West Virginia,2007,40.2,729,0
West Virginia,2008,47.7,866,1
West Virginia,2009,46.2,841,1
West Virginia,2010,40.5,750,1
West Virginia,2011,39.4,731,1
West Virginia,2012,54,1002,1
West Virginia,2013,60.6,1124,1
West Virginia,2014,61.4,1136,1
West Virginia,2015,79.9,1474,1
West Virginia,2016,59.7,1093,1
West Virginia,2017,55,1000,1
West Virginia,2018,58,1051,1
West Virginia,2019,59,1061,1
West Virginia,2020,148,2646,1
Wisconsin,2000,6.499744397258393,361.4770129703352,0
Wisconsin,2001,18.006943871104433,1001.4388082701939,0
Wisconsin,2002,6.509148264984227,362,0
Wisconsin,2003,7.462145110410095,415,0
Wisconsin,2004,39.05488958990536,2172,0
Wisconsin,2005,45.88769716088328,2552,0
Wisconsin,2006,45.6,2536,1
Wisconsin,2007,43.7,2450,1
Wisconsin,2008,56,3152,1
Wisconsin,2009,49.1,2777,1
Wisconsin,2010,44.9,2553,1
Wisconsin,2011,48.9,2782,1
Wisconsin,2012,70.8,4055,1
Wisconsin,2013,63.3,3635,1
Wisconsin,2014,74.4,4283,1
Wisconsin,2015,134.4,7756,1
Wisconsin,2016,87.5,5054,1
Wisconsin,2017,64,3731,1
Wisconsin,2018,64,3731,1
Wisconsin,2019,86,5023,1
Wisconsin,2020,154,8986,1
Wyoming,2000,4.650152865926862,23.965326826762553,0
Wyoming,2001,12.882820697398511,66.39373314498523,0
Wyoming,2002,4.656880733944954,24,0
Wyoming,2003,9.313761467889908,48,0
Wyoming,2004,33.37431192660551,172,0
Wyoming,2005,52.00183486238532,268,0
Wyoming,2006,42.3,218,0
Wyoming,2007,42.5,222,1
Wyoming,2008,46.9,250,1
Wyoming,2009,49.2,268,1
Wyoming,2010,51.5,290,1
Wyoming,2011,49.7,280,1
Wyoming,2012,55.2,318,1
Wyoming,2013,49.6,289,1
Wyoming,2014,49.1,287,1
Wyoming,2015,96.6,566,1
Wyoming,2016,74.6,437,1
Wyoming,2017,67,389,1
Wyoming,2018,58,338,1
Wyoming,2019,55,319,1
Wyoming,2020,151,875,1
