,state,id_theft_raw,id_theft_per_capita,year
0,Alabama,273.0,5.934354722422495,2002
1,Alaska,65.0,9.699218749999998,2002
2,Arizona,856.0,13.883112037748273,2002
3,Arkansas,172.0,6.12127521145088,2002
4,California,5619.0,15.406234901922891,2002
5,Colorado,493.0,10.375995449374289,2002
6,Connecticut,275.0,7.8503253796095445,2002
7,Delaware,64.0,7.502284710017576,2002
8,Florida,2849.0,15.751220472440943,2002
9,Georgia,768.0,8.198713508164275,2002
10,Hawaii,124.0,9.637723577235771,2002
11,Idaho,74.0,5.050139275766017,2002
12,Illinois,1389.0,10.830892857142855,2002
13,Indiana,510.0,8.075865580448065,2002
14,Iowa,127.0,4.257732949087416,2002
15,Kansas,178.0,6.436900369003689,2002
16,Kentucky,190.0,4.5186862967157415,2002
17,Louisiana,310.0,7.227836879432624,2002
18,Maine,60.0,4.537142857142858,2002
19,Maryland,797.0,14.190571305841924,2002
20,Massachusetts,499.0,7.748976109215017,2002
21,Michigan,1146.0,11.351886792452833,2002
22,Minnesota,376.0,7.279108635097492,2002
23,Mississippi,169.0,5.803012048192771,2002
24,Missouri,517.0,8.84396482813749,2002
25,Montana,49.0,5.1822580645161285,2002
26,Nebraska,87.0,4.921313364055299,2002
27,Nevada,405.0,16.23246492985972,2002
28,New Hampshire,84.0,6.3900990099009904,2002
29,New Jersey,1048.0,12.014138254613698,2002
30,New Mexico,148.0,7.568908081431217,2002
31,New York,2779.0,14.39161196207148,2002
32,North Carolina,668.0,7.542310368823941,2002
33,North Dakota,10.0,1.5714285714285716,2002
34,Ohio,868.0,7.55934864786275,2002
35,Oklahoma,227.0,6.34472049689441,2002
36,Oregon,467.0,12.624760213143873,2002
37,Pennsylvania,1160.0,9.317326732673267,2002
38,Rhode Island,66.0,6.1814634146341465,2002
39,South Carolina,251.0,5.80593853820598,2002
40,South Dakota,14.0,1.7915254237288134,2002
41,Tennessee,454.0,7.5216756756756755,2002
42,Texas,2352.0,10.0027378297316,2002
43,Utah,148.0,5.799873176918199,2002
44,Vermont,24.0,3.842696629213483,2002
45,Virginia,644.0,8.424527934592176,2002
46,Washington,829.0,12.957008995502248,2002
47,West Virginia,80.0,4.397202797202796,2002
48,Wisconsin,362.0,6.509148264984227,2002
49,Wyoming,24.0,4.656880733944954,2002
0,Alabama,395.0,8.586337418889691,2003
1,Alaska,44.0,6.565624999999999,2003
2,Arizona,1282.0,20.79223087896412,2003
3,Arkansas,328.0,11.673129472999353,2003
4,California,7882.0,21.61095274905788,2003
5,Colorado,738.0,15.532423208191126,2003
6,Connecticut,408.0,11.64702819956616,2003
7,Delaware,123.0,14.41845342706503,2003
8,Florida,3608.0,19.947491563554557,2003
9,Georgia,1141.0,12.1806407718951,2003
10,Hawaii,160.0,12.435772357723577,2003
11,Idaho,109.0,7.438718662952645,2003
12,Illinois,1904.0,14.846666666666666,2003
13,Indiana,726.0,11.49623217922607,2003
14,Iowa,206.0,6.90624399615754,2003
15,Kansas,278.0,10.053136531365313,2003
16,Kentucky,279.0,6.63533408833522,2003
17,Louisiana,421.0,9.81586879432624,2003
18,Maine,87.0,6.578857142857144,2003
19,Maryland,973.0,17.324248281786943,2003
20,Massachusetts,774.0,12.019453924914675,2003
21,Michigan,1759.0,17.424056603773586,2003
22,Minnesota,538.0,10.415320334261837,2003
23,Mississippi,252.0,8.653012048192771,2003
24,Missouri,712.0,12.179696243005596,2003
25,Montana,55.0,5.816820276497696,2003
26,Nebraska,132.0,7.466820276497695,2003
27,Nevada,573.0,22.965931863727455,2003
28,New Hampshire,124.0,9.433003300330032,2003
29,New Jersey,1293.0,14.822786987801063,2003
30,New Mexico,295.0,15.086674892041952,2003
31,New York,3696.0,19.140481400437636,2003
32,North Carolina,1134.0,12.803862212943635,2003
33,North Dakota,18.0,2.8285714285714287,2003
34,Ohio,1243.0,10.825196277987787,2003
35,Oklahoma,377.0,10.537267080745343,2003
36,Oregon,687.0,18.572184724689166,2003
37,Pennsylvania,1475.0,11.84746287128713,2003
38,Rhode Island,117.0,10.958048780487806,2003
39,South Carolina,433.0,10.015822259136211,2003
40,South Dakota,33.0,4.222881355932203,2003
41,Tennessee,640.0,10.603243243243242,2003
42,Texas,3635.0,15.459163270014612,2003
43,Utah,232.0,9.091693088142042,2003
44,Vermont,35.0,5.603932584269663,2003
45,Virginia,924.0,12.087366167023557,2003
46,Washington,1078.0,16.84880059970015,2003
47,West Virginia,102.0,5.606433566433566,2003
48,Wisconsin,415.0,7.462145110410095,2003
49,Wyoming,48.0,9.313761467889908,2003
0,Alabama,520.0,11.303532804614278,2004
1,Alaska,95.0,14.175781249999998,2004
2,Arizona,1467.0,23.792669812355978,2004
3,Arkansas,338.0,12.029017566688356,2004
4,California,8724.0,23.919557445163782,2004
5,Colorado,853.0,17.95278725824801,2004
6,Connecticut,456.0,13.017266811279825,2004
7,Delaware,135.0,15.825131810193323,2004
8,Florida,4193.0,23.181771653543308,2004
9,Georgia,1424.0,15.201781296387924,2004
10,Hawaii,171.0,13.290731707317073,2004
11,Idaho,139.0,9.486072423398328,2004
12,Illinois,2133.0,16.632321428571426,2004
13,Indiana,854.0,13.523116089613035,2004
14,Iowa,211.0,7.073871277617674,2004
15,Kansas,361.0,13.05461254612546,2004
16,Kentucky,368.0,8.751981879954698,2004
17,Louisiana,501.0,11.681117021276595,2004
18,Maine,101.0,7.6375238095238105,2004
19,Maryland,1119.0,19.92377577319588,2004
20,Massachusetts,804.0,12.485324232081911,2004
21,Michigan,1956.0,19.37547169811321,2004
22,Minnesota,573.0,11.092896935933146,2004
23,Mississippi,267.0,9.168072289156626,2004
24,Missouri,896.0,15.327258193445246,2004
25,Montana,86.0,9.095391705069124,2004
26,Nebraska,168.0,9.503225806451614,2004
27,Nevada,650.0,26.052104208416832,2004
28,New Hampshire,119.0,9.052640264026403,2004
29,New Jersey,1485.0,17.023850484829524,2004
30,New Mexico,318.0,16.26292412091302,2004
31,New York,4152.0,21.501969365426696,2004
32,North Carolina,1148.0,12.96193458594294,2004
33,North Dakota,35.0,5.5,2004
34,Ohio,1486.0,12.94146554230881,2004
35,Oklahoma,445.0,12.437888198757763,2004
36,Oregon,762.0,20.599715808170515,2004
37,Pennsylvania,1744.0,14.008118811881188,2004
38,Rhode Island,104.0,9.74048780487805,2004
39,South Carolina,506.0,11.70440199335548,2004
40,South Dakota,50.0,6.398305084745762,2004
41,Tennessee,753.0,12.475378378378377,2004
42,Texas,4511.0,19.18467276782281,2004
43,Utah,334.0,13.088902980342422,2004
44,Vermont,53.0,8.485955056179776,2004
45,Virginia,1029.0,13.460930504185324,2004
46,Washington,1334.0,20.85,2004
47,West Virginia,146.0,8.024895104895103,2004
48,Wisconsin,543.0,9.763722397476341,2004
49,Wyoming,43.0,8.343577981651377,2004
0,Alabama,641.0,13.933777937995677,2005
1,Alaska,98.0,14.623437499999996,2005
2,Arizona,1596.0,25.884867771315708,2005
3,Arkansas,371.0,13.20344827586207,2005
4,California,9496.0,26.036235385061357,2005
5,Colorado,998.0,21.004550625711037,2005
6,Connecticut,552.0,15.757744034707157,2005
7,Delaware,166.0,19.459050966608086,2005
8,Florida,4638.0,25.642035995500564,2005
9,Georgia,1603.0,17.11267936665017,2005
10,Hawaii,226.0,17.56552845528455,2005
11,Idaho,168.0,11.465181058495821,2005
12,Illinois,2297.0,17.91113095238095,2005
13,Indiana,867.0,13.728971486761713,2005
14,Iowa,265.0,8.884245917387126,2005
15,Kansas,315.0,11.391143911439112,2005
16,Kentucky,417.0,9.917327293318232,2005
17,Louisiana,575.0,13.406471631205674,2005
18,Maine,139.0,10.51104761904762,2005
19,Maryland,1227.0,21.846713917525776,2005
20,Massachusetts,917.0,14.240102389078498,2005
21,Michigan,1841.0,18.236320754716985,2005
22,Minnesota,671.0,12.990111420612811,2005
23,Mississippi,318.0,10.919277108433734,2005
24,Missouri,839.0,14.352198241406876,2005
25,Montana,125.0,13.220046082949308,2005
26,Nebraska,171.0,9.672926267281106,2005
27,Nevada,781.0,31.302605210420843,2005
28,New Hampshire,176.0,13.38877887788779,2005
29,New Jersey,1547.0,17.734610572411633,2005
30,New Mexico,363.0,18.564281307834673,2005
31,New York,4236.0,21.936980306345735,2005
32,North Carolina,1220.0,13.77487821851079,2005
33,North Dakota,35.0,5.5,2005
34,Ohio,1648.0,14.352311718522827,2005
35,Oklahoma,514.0,14.366459627329194,2005
36,Oregon,764.0,20.653783303730016,2005
37,Pennsylvania,2034.0,16.337450495049506,2005
38,Rhode Island,144.0,13.486829268292684,2005
39,South Carolina,642.0,14.850249169435216,2005
40,South Dakota,59.0,7.549999999999999,2005
41,Tennessee,793.0,13.138081081081081,2005
42,Texas,5139.0,21.855471814196722,2005
43,Utah,310.0,12.148383005707037,2005
44,Vermont,59.0,9.446629213483146,2005
45,Virginia,1124.0,14.70367919018883,2005
46,Washington,1439.0,22.49111694152924,2005
47,West Virginia,150.0,8.244755244755243,2005
48,Wisconsin,638.0,11.471924290220821,2005
49,Wyoming,67.0,13.00045871559633,2005
2,Arizona,9113.0,147.8,2006
3,Nevada,2994.0,120.0,2006
4,California,41396.0,113.5,2006
5,Texas,26006.0,110.6,2006
6,Florida,17780.0,98.3,2006
7,Colorado,4395.0,92.5,2006
8,Georgia,8084.0,86.3,2006
9,New York,16452.0,85.2,2006
10,Washington,5336.0,83.4,2006
11,New Mexico,1621.0,82.9,2006
12,Maryland,4656.0,82.9,2006
13,Illinois,10080.0,78.6,2006
14,Oregon,2815.0,76.1,2006
15,New Jersey,6394.0,73.3,2006
16,Virginia,5137.0,67.2,2006
17,Michigan,6784.0,67.2,2006
18,Delaware,569.0,66.7,2006
19,Connecticut,2305.0,65.8,2006
20,Pennsylvania,8080.0,64.9,2006
21,North Carolina,5748.0,64.9,2006
22,Missouri,3753.0,64.2,2006
23,Massachusetts,4102.0,63.7,2006
24,Oklahoma,2254.0,63.0,2006
25,Indiana,3928.0,62.2,2006
26,Utah,1577.0,61.8,2006
27,Tennessee,3700.0,61.3,2006
28,Alabama,2774.0,60.3,2006
29,Ohio,6878.0,59.9,2006
30,Kansas,1626.0,58.8,2006
31,Rhode Island,615.0,57.6,2006
32,Alaska,384.0,57.3,2006
33,South Carolina,2408.0,55.7,2006
34,Minnesota,2872.0,55.6,2006
35,Arkansas,1537.0,54.7,2006
36,Louisiana,2256.0,52.6,2006
37,Mississippi,1494.0,51.3,2006
38,Nebraska,868.0,49.1,2006
39,Idaho,718.0,49.0,2006
40,Hawaii,615.0,47.8,2006
41,New Hampshire,606.0,46.1,2006
42,Montana,434.0,45.9,2006
43,Wisconsin,2536.0,45.6,2006
44,Wyoming,218.0,42.3,2006
45,Kentucky,1766.0,42.0,2006
46,Maine,525.0,39.7,2006
47,West Virginia,715.0,39.3,2006
48,Iowa,1041.0,34.9,2006
49,South Dakota,236.0,30.2,2006
50,North Dakota,189.0,29.7,2006
51,Vermont,178.0,28.5,2006
2,Arizona,8688.0,137.1,2007
3,California,43892.0,120.1,2007
4,Nevada,2930.0,114.2,2007
5,Texas,25796.0,107.9,2007
6,Florida,19270.0,105.6,2007
7,New York,19319.0,100.1,2007
8,Georgia,8744.0,91.6,2007
9,Colorado,4328.0,89.0,2007
10,New Mexico,1723.0,87.5,2007
11,Maryland,4821.0,85.8,2007
12,Illinois,10304.0,80.2,2007
13,New Jersey,6864.0,79.0,2007
14,Washington,4942.0,76.4,2007
15,Pennsylvania,9016.0,72.5,2007
16,Michigan,7079.0,70.3,2007
17,Delaware,603.0,69.7,2007
18,Alabama,3221.0,69.6,2007
19,Virginia,5319.0,69.0,2007
20,Connecticut,2409.0,68.8,2007
21,Oregon,2552.0,68.1,2007
22,Missouri,3962.0,67.4,2007
23,North Carolina,6069.0,67.0,2007
24,Massachusetts,4292.0,66.5,2007
25,Tennessee,3986.0,64.7,2007
26,Oklahoma,2312.0,63.9,2007
27,Indiana,4026.0,63.4,2007
28,Ohio,7178.0,62.6,2007
29,Louisiana,2674.0,62.3,2007
30,Kansas,1694.0,61.0,2007
31,South Carolina,2670.0,60.6,2007
32,Utah,1529.0,57.8,2007
33,Mississippi,1673.0,57.3,2007
34,Arkansas,1601.0,56.5,2007
35,Rhode Island,592.0,56.0,2007
36,Minnesota,2857.0,55.0,2007
37,Idaho,737.0,49.2,2007
38,New Hampshire,643.0,48.9,2007
39,Alaska,321.0,47.0,2007
40,Hawaii,589.0,45.9,2007
41,Nebraska,793.0,44.7,2007
42,Wisconsin,2450.0,43.7,2007
43,Kentucky,1836.0,43.3,2007
44,Wyoming,222.0,42.5,2007
45,Montana,391.0,40.8,2007
46,Maine,530.0,40.2,2007
47,West Virginia,729.0,40.2,2007
48,Vermont,237.0,38.1,2007
49,Iowa,1063.0,35.6,2007
50,South Dakota,245.0,30.8,2007
51,North Dakota,182.0,28.5,2007
2, Arizona,9683.0,149.0,2008
3, California,51140.0,139.1,2008
4, Florida,24440.0,133.3,2008
5, Texas,31708.0,130.3,2008
6, Nevada,3275.0,126.0,2008
7, New York,22647.0,116.2,2008
8, Georgia,10748.0,111.0,2008
9, Illinois,13726.0,106.4,2008
10, New Mexico,2081.0,104.9,2008
11, Colorado,4983.0,100.9,2008
12, Maryland,5412.0,96.1,2008
13, New Jersey,8181.0,94.2,2008
14, Alabama,4342.0,93.1,2008
15, Washington,5855.0,89.4,2008
16, Delaware,759.0,86.9,2008
17, Louisiana,3819.0,86.6,2008
18, Connecticut,3031.0,86.6,2008
19, Pennsylvania,10723.0,86.1,2008
20, Michigan,8363.0,83.6,2008
21, Massachusetts,5408.0,83.2,2008
22, North Carolina,7609.0,82.5,2008
23, Virginia,6349.0,81.7,2008
24, Mississippi,2367.0,80.5,2008
25, Tennessee,4982.0,80.2,2008
26, Rhode Island,824.0,78.4,2008
27, Oregon,2937.0,77.5,2008
28, Missouri,4433.0,75.0,2008
29, Oklahoma,2696.0,74.0,2008
30, South Carolina,3292.0,73.5,2008
31, Arkansas,2068.0,72.4,2008
32, Indiana,4589.0,72.0,2008
33, Ohio,8237.0,71.7,2008
34, Kansas,2005.0,71.6,2008
35, Alaska,490.0,71.4,2008
36, Minnesota,3528.0,67.6,2008
37, Utah,1775.0,64.9,2008
38, Nebraska,1055.0,59.2,2008
39, New Hampshire,759.0,57.7,2008
40, Idaho,867.0,56.9,2008
41, Kentucky,2396.0,56.1,2008
42, Wisconsin,3152.0,56.0,2008
43, Hawaii,711.0,55.2,2008
44, West Virginia,866.0,47.7,2008
45, Vermont,296.0,47.6,2008
46, Maine,623.0,47.3,2008
47, Wyoming,250.0,46.9,2008
48, Montana,450.0,46.5,2008
49, Iowa,1347.0,44.9,2008
50, North Dakota,229.0,35.7,2008
51, South Dakota,272.0,33.8,2008
2, Florida,22664.0,122.3,2009
3, Arizona,7875.0,119.4,2009
4, Texas,28844.0,116.4,2009
5, California,42209.0,114.2,2009
6, Nevada,2802.0,106.0,2009
7, New Mexico,1969.0,98.0,2009
8, Georgia,9556.0,97.2,2009
9, New York,18906.0,96.7,2009
10, Colorado,4775.0,95.0,2009
11, Illinois,12113.0,93.8,2009
12, Maryland,5232.0,91.8,2009
13, New Jersey,7361.0,84.5,2009
14, Delaware,725.0,81.9,2009
15, Pennsylvania,9887.0,78.4,2009
16, Washington,5145.0,77.2,2009
17, Connecticut,2682.0,76.2,2009
18, Alabama,3586.0,76.2,2009
19, Michigan,7525.0,75.5,2009
20, Mississippi,2161.0,73.2,2009
21, Virginia,5741.0,72.8,2009
22, North Carolina,6798.0,72.5,2009
23, Louisiana,3252.0,72.4,2009
24, Oklahoma,2633.0,71.4,2009
25, Tennessee,4370.0,69.4,2009
26, Massachusetts,4551.0,69.0,2009
27, Kansas,1906.0,67.6,2009
28, Oregon,2583.0,67.5,2009
29, South Carolina,3070.0,67.3,2009
30, Ohio,7525.0,65.2,2009
31, Indiana,4163.0,64.8,2009
32, Arkansas,1862.0,64.4,2009
33, Missouri,3850.0,64.3,2009
34, Rhode Island,672.0,63.8,2009
35, Utah,1738.0,62.4,2009
36, Minnesota,2877.0,54.6,2009
37, Nebraska,938.0,52.2,2009
38, Wyoming,268.0,49.2,2009
39, Wisconsin,2777.0,49.1,2009
40, Idaho,755.0,48.8,2009
41, Kentucky,2088.0,48.4,2009
42, West Virginia,841.0,46.2,2009
43, Hawaii,584.0,45.1,2009
44, Alaska,313.0,44.8,2009
45, Vermont,277.0,44.6,2009
46, New Hampshire,584.0,44.1,2009
47, Montana,408.0,41.8,2009
48, Iowa,1179.0,39.2,2009
49, Maine,511.0,38.8,2009
50, North Dakota,192.0,29.7,2009
51, South Dakota,236.0,29.1,2009
2, Florida,21581.0,114.8,2010
3, Arizona,6549.0,102.5,2010
4, California,38148.0,102.4,2010
5, Georgia,9404.0,97.1,2010
6, Texas,24158.0,96.1,2010
7, Nevada,2423.0,89.7,2010
8, New Mexico,1773.0,86.1,2010
9, New York,16494.0,85.1,2010
10, Maryland,4784.0,82.9,2010
11, Illinois,10345.0,80.6,2010
12, Colorado,3961.0,78.8,2010
13, New Jersey,6807.0,77.4,2010
14, Delaware,664.0,73.9,2010
15, Pennsylvania,9025.0,71.0,2010
16, Alabama,3339.0,69.9,2010
17, Michigan,6880.0,69.6,2010
18, Washington,4646.0,69.1,2010
19, Mississippi,1992.0,67.1,2010
20, Tennessee,4175.0,65.8,2010
21, Missouri,3920.0,65.5,2010
22, Connecticut,2330.0,65.2,2010
23, Louisiana,2896.0,63.9,2010
24, Virginia,5065.0,63.3,2010
25, North Carolina,5986.0,62.8,2010
26, Massachusetts,4044.0,61.8,2010
27, Kansas,1717.0,60.2,2010
28, Oklahoma,2234.0,59.6,2010
29, Ohio,6844.0,59.3,2010
30, South Carolina,2726.0,58.9,2010
31, Oregon,2256.0,58.9,2010
32, Arkansas,1667.0,57.2,2010
33, Rhode Island,579.0,55.0,2010
34, Indiana,3560.0,54.9,2010
35, Utah,1488.0,53.8,2010
36, Wyoming,290.0,51.5,2010
37, Minnesota,2612.0,49.2,2010
38, Alaska,342.0,48.2,2010
39, Nebraska,860.0,47.1,2010
40, Idaho,729.0,46.5,2010
41, Wisconsin,2553.0,44.9,2010
42, Hawaii,589.0,43.3,2010
43, Kentucky,1847.0,42.6,2010
44, West Virginia,750.0,40.5,2010
45, Montana,392.0,39.6,2010
46, Vermont,245.0,39.2,2010
47, New Hampshire,503.0,38.2,2010
48, Iowa,1111.0,36.5,2010
49, Maine,425.0,32.0,2010
50, North Dakota,199.0,29.6,2010
51, South Dakota,200.0,24.6,2010
0,Florida,33595.0,178.7,2011
1,Georgia,11625.0,120.0,2011
2,California,38607.0,103.6,2011
3,Arizona,6296.0,98.5,2011
4,Texas,24162.0,96.1,2011
5,New York,17880.0,92.3,2011
6,Nevada,2427.0,89.9,2011
7,New Jersey,7599.0,86.4,2011
8,Maryland,4980.0,86.3,2011
9,Delaware,750.0,83.5,2011
10,Colorado,4156.0,82.6,2011
11,Alabama,3942.0,82.5,2011
12,Michigan,8119.0,82.1,2011
13,Illinois,10361.0,80.8,2011
14,Pennsylvania,10061.0,79.2,2011
15,New Mexico,1610.0,78.2,2011
16,Mississippi,2210.0,74.5,2011
17,Washington,4853.0,72.2,2011
18,Missouri,4282.0,71.5,2011
19,South Carolina,3168.0,68.5,2011
20,Virginia,5416.0,67.7,2011
21,Connecticut,2413.0,67.5,2011
22,Tennessee,4275.0,67.4,2011
23,Kansas,1914.0,67.1,2011
24,North Carolina,6287.0,65.9,2011
25,Ohio,7479.0,64.8,2011
26,Louisiana,2934.0,64.7,2011
27,Arkansas,1862.0,63.9,2011
28,Massachusetts,4128.0,63.0,2011
29,Rhode Island,614.0,58.3,2011
30,Oregon,2226.0,58.1,2011
31,Oklahoma,2115.0,56.4,2011
32,Indiana,3555.0,54.8,2011
33,Utah,1514.0,54.8,2011
34,Minnesota,2671.0,50.4,2011
35,Wyoming,280.0,49.7,2011
36,Wisconsin,2782.0,48.9,2011
37,Nebraska,869.0,47.6,2011
38,New Hampshire,617.0,46.9,2011
39,Alaska,316.0,44.5,2011
40,Kentucky,1891.0,43.6,2011
41,Hawaii,583.0,42.9,2011
42,Idaho,658.0,42.0,2011
43,Vermont,259.0,41.4,2011
44,Iowa,1208.0,39.7,2011
45,West Virginia,731.0,39.4,2011
46,Montana,390.0,39.4,2011
47,Maine,503.0,37.9,2011
48,South Dakota,206.0,25.3,2011
49,North Dakota,156.0,23.2,2011
3,Florida,69795.0,361.3,2012
4,Georgia,19232.0,193.9,2012
5,California,46658.0,122.7,2012
6,Michigan,12075.0,122.2,2012
7,New York,21538.0,110.1,2012
8,Nevada,3032.0,109.9,2012
9,Texas,28299.0,108.6,2012
10,Arizona,7032.0,107.3,2012
11,Maryland,6178.0,105.0,2012
12,Alabama,5060.0,104.9,2012
13,Illinois,12993.0,100.9,2012
14,Mississippi,2990.0,100.2,2012
15,Delaware,902.0,98.4,2012
16,New Jersey,8430.0,95.1,2012
17,Colorado,4864.0,93.8,2012
18,Rhode Island,963.0,91.7,2012
19,South Carolina,4282.0,90.6,2012
20,New Mexico,1858.0,89.1,2012
21,Pennsylvania,11324.0,88.7,2012
22,Tennessee,5690.0,88.1,2012
23,Louisiana,4031.0,87.6,2012
24,Connecticut,2915.0,81.2,2012
25,North Carolina,7910.0,81.1,2012
26,Virginia,6616.0,80.8,2012
27,Washington,5373.0,77.9,2012
28,Ohio,8891.0,77.0,2012
29,Missouri,4505.0,74.8,2012
30,Arkansas,2195.0,74.4,2012
31,Massachusetts,4879.0,73.4,2012
32,Kansas,2077.0,72.0,2012
33,Wisconsin,4055.0,70.8,2012
34,Oklahoma,2586.0,67.8,2012
35,Indiana,4412.0,67.5,2012
36,Minnesota,3437.0,63.9,2012
37,Oregon,2467.0,63.3,2012
38,New Hampshire,782.0,59.2,2012
39,Nebraska,1068.0,57.6,2012
40,Idaho,905.0,56.7,2012
41,Kentucky,2463.0,56.2,2012
42,Utah,1586.0,55.5,2012
43,Wyoming,318.0,55.2,2012
44,West Virginia,1002.0,54.0,2012
45,Iowa,1608.0,52.3,2012
46,Vermont,326.0,52.1,2012
47,Alaska,378.0,51.7,2012
48,Maine,666.0,50.1,2012
49,Montana,501.0,49.8,2012
50,Hawaii,658.0,47.3,2012
51,North Dakota,288.0,41.2,2012
52,South Dakota,330.0,39.6,2012
3,Florida,37720.0,192.9,2013
4,Georgia,13402.0,134.1,2013
5,California,40404.0,105.4,2013
6,Michigan,9606.0,97.1,2013
7,Nevada,2708.0,97.1,2013
8,Maryland,5660.0,95.5,2013
9,Arizona,6043.0,91.2,2013
10,Texas,23266.0,88.0,2013
11,New York,17072.0,86.9,2013
12,Illinois,11069.0,85.9,2013
13,Delaware,751.0,81.1,2013
14,New Jersey,7176.0,80.6,2013
15,Colorado,4195.0,79.6,2013
16,Alabama,3610.0,74.7,2013
17,Mississippi,2233.0,74.7,2013
18,Virginia,6037.0,73.1,2013
19,South Carolina,3374.0,70.7,2013
20,Pennsylvania,8943.0,70.0,2013
21,New Mexico,1448.0,69.4,2013
22,Connecticut,2496.0,69.4,2013
23,Louisiana,3204.0,69.3,2013
24,Tennessee,4468.0,68.8,2013
25,Washington,4739.0,68.0,2013
26,North Carolina,6679.0,67.8,2013
27,Missouri,4052.0,67.0,2013
28,Ohio,7502.0,64.8,2013
29,Massachusetts,4237.0,63.3,2013
30,Wisconsin,3635.0,63.3,2013
31,Arkansas,1839.0,62.1,2013
32,Kansas,1783.0,61.6,2013
33,West Virginia,1124.0,60.6,2013
34,Rhode Island,637.0,60.6,2013
35,Oregon,2370.0,60.3,2013
36,Oklahoma,2309.0,60.0,2013
37,Indiana,3845.0,58.5,2013
38,Minnesota,2917.0,53.8,2013
39,Alaska,384.0,52.2,2013
40,New Hampshire,687.0,51.9,2013
41,Nebraska,965.0,51.6,2013
42,Montana,509.0,50.1,2013
43,Kentucky,2201.0,50.1,2013
44,Wyoming,289.0,49.6,2013
45,Idaho,798.0,49.5,2013
46,Utah,1429.0,49.3,2013
47,Vermont,274.0,43.7,2013
48,Iowa,1248.0,40.4,2013
49,Maine,511.0,38.5,2013
50,Hawaii,531.0,37.8,2013
51,South Dakota,282.0,33.4,2013
52,North Dakota,232.0,32.1,2013
3,Florida,37059.0,186.3,2014
4,Washington,10930.0,154.8,2014
5,Oregon,4946.0,124.6,2014
6,Missouri,7195.0,118.7,2014
7,Georgia,11384.0,112.7,2014
8,Michigan,10338.0,104.3,2014
9,California,38982.0,100.5,2014
10,Nevada,2846.0,100.2,2014
11,Arizona,6460.0,96.0,2014
12,Maryland,5734.0,95.9,2014
13,Texas,25843.0,95.9,2014
14,Illinois,12317.0,95.6,2014
15,Colorado,4579.0,85.5,2014
16,Connecticut,3071.0,85.4,2014
17,Arkansas,2481.0,83.6,2014
18,Pennsylvania,10446.0,81.7,2014
19,New York,15959.0,80.8,2014
20,Mississippi,2409.0,80.5,2014
21,New Jersey,7144.0,79.9,2014
22,Ohio,9161.0,79.0,2014
23,Delaware,731.0,78.1,2014
24,Alabama,3770.0,77.7,2014
25,New Mexico,1611.0,77.2,2014
26,Tennessee,4993.0,76.2,2014
27,Massachusetts,5116.0,75.8,2014
28,Wisconsin,4283.0,74.4,2014
29,Louisiana,3430.0,73.8,2014
30,North Carolina,7334.0,73.8,2014
31,Alaska,542.0,73.6,2014
32,South Carolina,3540.0,73.3,2014
33,Virginia,5921.0,71.1,2014
34,Oklahoma,2656.0,68.5,2014
35,Indiana,4498.0,68.2,2014
36,Rhode Island,699.0,66.2,2014
37,Kansas,1892.0,65.2,2014
38,Vermont,402.0,64.2,2014
39,West Virginia,1136.0,61.4,2014
40,Minnesota,3229.0,59.2,2014
41,Idaho,962.0,58.9,2014
42,Montana,585.0,57.2,2014
43,New Hampshire,726.0,54.7,2014
44,Utah,1586.0,53.9,2014
45,Kentucky,2358.0,53.4,2014
46,Maine,693.0,52.1,2014
47,Wyoming,287.0,49.1,2014
48,Nebraska,914.0,48.6,2014
49,Iowa,1506.0,48.5,2014
50,North Dakota,319.0,43.1,2014
51,Hawaii,580.0,40.9,2014
52,South Dakota,310.0,36.3,2014
3,Missouri,22164.0,364.3,2015
4,Connecticut,8078.0,225.0,2015
5,Florida,44063.0,217.4,2015
6,Maryland,11006.0,183.2,2015
7,Illinois,20414.0,158.7,2015
8,Michigan,15684.0,158.1,2015
9,Georgia,15230.0,149.1,2015
10,Texas,39630.0,144.3,2015
11,New Hampshire,1890.0,142.0,2015
12,California,55305.0,141.3,2015
13,Rhode Island,1491.0,141.2,2015
14,Ohio,15611.0,134.4,2015
15,Wisconsin,7756.0,134.4,2015
16,Arizona,9136.0,133.8,2015
17,Washington,9043.0,126.1,2015
18,Oregon,5081.0,126.1,2015
19,New Jersey,11266.0,125.8,2015
20,Massachusetts,8530.0,125.5,2015
21,Nevada,3613.0,125.0,2015
22,Delaware,1181.0,124.9,2015
23,Colorado,6724.0,123.2,2015
24,Virginia,10329.0,123.2,2015
25,New York,24157.0,122.0,2015
26,Oklahoma,4695.0,120.0,2015
27,Pennsylvania,14877.0,116.2,2015
28,Maine,1514.0,113.9,2015
29,Kansas,3282.0,112.7,2015
30,Tennessee,7121.0,107.9,2015
31,North Carolina,10646.0,106.0,2015
32,Alabama,4973.0,102.3,2015
33,South Carolina,5010.0,102.3,2015
34,Idaho,1676.0,101.3,2015
35,New Mexico,2109.0,101.1,2015
36,Nebraska,1905.0,100.5,2015
37,Mississippi,2955.0,98.8,2015
38,Minnesota,5368.0,97.8,2015
39,Arkansas,2911.0,97.7,2015
40,Wyoming,566.0,96.6,2015
41,Louisiana,4410.0,94.4,2015
42,Alaska,696.0,94.3,2015
43,Indiana,6217.0,93.9,2015
44,Iowa,2803.0,89.7,2015
45,Montana,901.0,87.2,2015
46,Utah,2567.0,85.7,2015
47,Vermont,525.0,83.9,2015
48,Kentucky,3581.0,80.9,2015
49,West Virginia,1474.0,79.9,2015
50,North Dakota,575.0,76.0,2015
51,South Dakota,542.0,63.1,2015
52,Hawaii,896.0,62.6,2015
2,Michigan,17430.0,175.6,2016
3,Florida,34384.0,166.8,2016
4,Delaware,1484.0,155.9,2016
5,California,54744.0,139.5,2016
6,Illinois,17660.0,138.0,2016
7,Connecticut,4933.0,137.9,2016
8,Maryland,8251.0,137.1,2016
9,Missouri,8292.0,136.1,2016
10,Nevada,3993.0,135.8,2016
11,Arizona,8748.0,126.2,2016
12,Georgia,12787.0,124.0,2016
13,Texas,33214.0,119.2,2016
14,Rhode Island,1216.0,115.1,2016
15,Washington,8310.0,114.0,2016
16,Colorado,6203.0,112.0,2016
17,New Jersey,9977.0,111.5,2016
18,Pennsylvania,14030.0,109.7,2016
19,Minnesota,5919.0,107.2,2016
20,Massachusetts,7287.0,107.0,2016
21,Oregon,4312.0,105.3,2016
22,Virginia,8772.0,104.3,2016
23,New York,20205.0,102.3,2016
24,New Hampshire,1352.0,101.3,2016
25,New Mexico,2016.0,96.9,2016
26,Alaska,713.0,96.1,2016
27,North Carolina,9746.0,96.1,2016
28,Ohio,11009.0,94.8,2016
29,South Carolina,4438.0,89.5,2016
30,Maine,1170.0,87.9,2016
31,Wisconsin,5054.0,87.5,2016
32,Kansas,2532.0,87.1,2016
33,Tennessee,5718.0,86.0,2016
34,Oklahoma,3337.0,85.1,2016
35,Utah,2540.0,83.2,2016
36,Nebraska,1584.0,83.1,2016
37,Alabama,4007.0,82.4,2016
38,Idaho,1348.0,80.1,2016
39,Mississippi,2378.0,79.6,2016
40,Arkansas,2308.0,77.2,2016
41,Indiana,5091.0,76.8,2016
42,Wyoming,437.0,74.6,2016
43,Louisiana,3264.0,69.7,2016
44,Montana,711.0,68.2,2016
45,Iowa,2135.0,68.1,2016
46,Kentucky,2898.0,65.3,2016
47,Vermont,387.0,62.0,2016
48,North Dakota,465.0,61.3,2016
49,West Virginia,1093.0,59.7,2016
50,South Dakota,503.0,58.1,2016
51,Hawaii,789.0,55.2,2016
1, Michigan,15027.0,151.0,2017
2, Florida,31167.0,149.0,2017
3, California,55418.0,140.0,2017
4, Maryland,7788.0,129.0,2017
5, Nevada,3828.0,128.0,2017
6, Delaware,1211.0,126.0,2017
7, Ilinois,15841.0,124.0,2017
8, Rhode Island,1302.0,123.0,2017
9, Georgia,12548.0,120.0,2017
10, Arizona,8330.0,119.0,2017
11, Texas,33454.0,118.0,2017
12, Connecticut,4078.0,114.0,2017
13, Colorado,6051.0,108.0,2017
14, New Jersey,9533.0,106.0,2017
15, New York,20397.0,103.0,2017
16, Washington,7360.0,99.0,2017
17, Pennsylvania,12468.0,97.0,2017
18, North Carolina,9424.0,92.0,2017
19, New Mexico,1909.0,91.0,2017
20, Virginia,7656.0,90.0,2017
21, South Carolina,4509.0,90.0,2017
22, Oregon,3714.0,90.0,2017
23, Massachusets,6016.0,88.0,2017
24, Tennessee,5586.0,83.0,2017
25, New Hampshire,1097.0,82.0,2017
26, Missouri,4994.0,82.0,2017
1, Utah,2452.0,79.0,2017
2, Idaho,1356.0,79.0,2017
3, Ohio,9121.0,78.0,2017
4, Minnesota,4324.0,78.0,2017
5, Indiana,5027.0,75.0,2017
6, Alabama,3609.0,74.0,2017
7, Oklahoma,2901.0,74.0,2017
8, Kansas,2100.0,72.0,2017
9, Louisiana,3340.0,71.0,2017
10, Arkansas,2084.0,69.0,2017
11, Mississippi,2064.0,69.0,2017
12, Kentucky,3060.0,69.0,2017
13, Wyoming,389.0,67.0,2017
14, Alaska,494.0,67.0,2017
15, Wisconsin,3731.0,64.0,2017
16, Hawai,890.0,62.0,2017
17, North Dakota,467.0,62.0,2017
18, Nebraska,1170.0,61.0,2017
19, Montana,638.0,61.0,2017
20, Maine,806.0,60.0,2017
21, Iowa,1870.0,59.0,2017
22, Vermont,354.0,57.0,2017
23, West Virginia,1000.0,55.0,2017
24, South Dakota,403.0,46.0,2017
25,District of Columbia,1333.0,192.0,2017
26,Puerto Rico,2046.0,61.0,2017
0, Georgia,23871.0,229.0,2018
1, Nevada,5816.0,194.0,2018
2, California,73668.0,186.0,2018
3, Florida,37797.0,180.0,2018
4, Texas,45030.0,159.0,2018
5, Delaware,1517.0,158.0,2018
6, Maryland,8747.0,145.0,2018
7, Michigan,13952.0,140.0,2018
8, Ilinois,16296.0,127.0,2018
9, Arizona,8853.0,126.0,2018
10, South Carolina,6339.0,126.0,2018
11, New Jersey,11273.0,125.0,2018
12, New York,24248.0,122.0,2018
13, New Hampshire,1565.0,117.0,2018
14, North Carolina,11481.0,112.0,2018
15, Louisiana,5202.0,111.0,2018
16, Colorado,6151.0,110.0,2018
17, Connecticut,3864.0,108.0,2018
18, Alabama,5241.0,108.0,2018
19, Pennsylvania,13725.0,107.0,2018
20, Tennessee,6808.0,101.0,2018
21, Oregon,4179.0,101.0,2018
22, Washington,7380.0,100.0,2018
23, Mississippi,2894.0,97.0,2018
24, Virginia,8196.0,97.0,2018
25, New Mexico,2000.0,96.0,2018
0, Utah,2915.0,94.0,2018
1, Rhode Island,990.0,93.0,2018
2, Massachusets,6387.0,93.0,2018
3, Ohio,10268.0,88.0,2018
4, Missouri,5222.0,85.0,2018
5, Idaho,1368.0,80.0,2018
6, Oklahoma,3109.0,79.0,2018
7, Montana,799.0,76.0,2018
8, Indiana,4918.0,74.0,2018
9, Kansas,2142.0,74.0,2018
10, Arkansas,2197.0,73.0,2018
11, Minnesota,4070.0,73.0,2018
12, Hawai,1021.0,72.0,2018
13, Alaska,507.0,69.0,2018
14, Nebraska,1281.0,67.0,2018
15, Wisconsin,3731.0,64.0,2018
16, North Dakota,474.0,63.0,2018
17, Wyoming,338.0,58.0,2018
18, West Virginia,1051.0,58.0,2018
19, Kentucky,2522.0,57.0,2018
20, South Dakota,486.0,56.0,2018
21, Maine,744.0,56.0,2018
22, Iowa,1654.0,53.0,2018
23, Vermont,316.0,51.0,2018
24,District of Columbia,1156.0,167.0,2018
25,Puerto Rico,1710.0,51.0,2018
1, Georgia ,44888.0,427.0,2019
2, Florida ,64842.0,304.0,2019
3, California ,101639.0,257.0,2019
4, Texas ,73553.0,256.0,2019
5, Nevada ,7757.0,256.0,2019
6, Louisiana ,10582.0,227.0,2019
7, Delaware ,2188.0,226.0,2019
8, South Carolina ,10851.0,213.0,2019
9, Maryland ,12675.0,210.0,2019
10, New Jersey ,18220.0,205.0,2019
11, New York ,36337.0,186.0,2019
12, Ilinois ,23139.0,182.0,2019
13, North Carolina ,18584.0,179.0,2019
14, Alabama ,8454.0,173.0,2019
15, Pennsylvania ,20899.0,163.0,2019
16, Mississippi ,4714.0,158.0,2019
17, Tennessee ,10664.0,158.0,2019
18, Arkansas ,4525.0,150.0,2019
19, Arizona ,10744.0,150.0,2019
20, Utah ,4702.0,149.0,2019
21, Michigan ,13532.0,135.0,2019
22, Connecticut ,4564.0,128.0,2019
23, Massachusets ,8606.0,125.0,2019
24, Missouri ,7406.0,121.0,2019
25, Virginia ,10284.0,121.0,2019
26, Ohio ,13788.0,118.0,2019
1, Colorado,6272.0,110.0,2019
2, Rhode Island,1146.0,108.0,2019
3, New Mexico,2088.0,100.0,2019
4, New Hampshire,1302.0,96.0,2019
5, Oregon,4005.0,96.0,2019
6, Indiana,6386.0,95.0,2019
7, Hawai,1347.0,95.0,2019
8, Washington,7110.0,94.0,2019
9, Oklahoma,3706.0,94.0,2019
10, Wisconsin,5023.0,86.0,2019
11, Idaho,1420.0,81.0,2019
12, Minnesota,4499.0,80.0,2019
13, Kansas,2273.0,78.0,2019
14, Alaska,539.0,73.0,2019
15, Nebraska,1320.0,68.0,2019
16, Kentucky,2977.0,67.0,2019
17, Montana,707.0,67.0,2019
18, Iowa,1910.0,61.0,2019
19, Maine,807.0,60.0,2019
20, North Dakota,448.0,59.0,2019
21, West Virginia,1061.0,59.0,2019
22, Wyoming,319.0,55.0,2019
23, Vermont,338.0,54.0,2019
24, South Dakota,411.0,47.0,2019
25,District of Columbia,1550.0,221.0,2019
26,Puerto Rico,1621.0,51.0,2019
1, Kansas ,43211.0,1483.0,2020
2, Rhode Island ,12621.0,1191.0,2020
3, Ilinois ,135038.0,1066.0,2020
4, Nevada ,22801.0,740.0,2020
5, Washington ,54247.0,712.0,2020
6, Massachusets ,45575.0,661.0,2020
7, Georgia ,69487.0,654.0,2020
8, Arkansas ,17470.0,579.0,2020
9, Maine ,7183.0,534.0,2020
10, Louisiana ,21976.0,473.0,2020
11, Florida ,101367.0,472.0,2020
12, Texas ,134788.0,465.0,2020
13, Delaware ,4374.0,449.0,2020
14, Arizona ,27661.0,380.0,2020
15, California ,147382.0,373.0,2020
16, South Carolina ,19193.0,373.0,2020
17, Mississippi ,11048.0,371.0,2020
18, New Jersey ,32125.0,362.0,2020
19, Colorado ,20762.0,361.0,2020
20, Alabama ,17376.0,354.0,2020
21, Oklahoma ,13797.0,349.0,2020
22, New York ,67202.0,345.0,2020
23, Maryland ,20718.0,343.0,2020
24, Utah ,9366.0,292.0,2020
25, North Carolina ,30176.0,288.0,2020
26, Tennessee ,19182.0,281.0,2020
1, Hawai,3835.0,271.0,2020
2, Pennsylvania,33886.0,265.0,2020
3, Indiana,17306.0,257.0,2020
4, Michigan,24370.0,244.0,2020
5, Montana,2439.0,228.0,2020
6, Missouri,13653.0,222.0,2020
7, Ohio,25893.0,222.0,2020
8, Connecticut,6821.0,191.0,2020
9, Virginia,15632.0,183.0,2020
10, Oregon,7432.0,176.0,2020
11, New Hampshire,2301.0,169.0,2020
12, North Dakota,1266.0,166.0,2020
13, New Mexico,3454.0,165.0,2020
14, Wisconsin,8986.0,154.0,2020
15, Wyoming,875.0,151.0,2020
16, West Virginia,2646.0,148.0,2020
17, Minnesota,8246.0,146.0,2020
18, Idaho,2353.0,132.0,2020
19, Vermont,810.0,130.0,2020
20, Kentucky,5693.0,127.0,2020
21, Alaska,926.0,127.0,2020
22, Nebraska,2182.0,113.0,2020
23, Iowa,3022.0,96.0,2020
24, South Dakota,637.0,72.0,2020
25,District of Columbia,2595.0,368.0,2020
26,Puerto Rico,1663.0,52.0,2020
0, Rhode Island,30270.0,2857.0,2021
1, Kansas,39461.0,1355.0,2021
2, Ilinois,117056.0,924.0,2021
3, Louisiana,34043.0,732.0,2021
4, Georgia,65666.0,618.0,2021
5, Nevada,17985.0,584.0,2021
6, Colorado,33572.0,583.0,2021
7, New York,109466.0,563.0,2021
8, Delaware,5449.0,560.0,2021
9, Florida,110675.0,515.0,2021
10, Texas,146095.0,504.0,2021
11, Maryland,29778.0,493.0,2021
12, Ohio,50421.0,431.0,2021
13, Pennsylvania,54460.0,425.0,2021
14, Alabama,19691.0,402.0,2021
15, Arizona,28108.0,386.0,2021
16, New Jersey,31857.0,359.0,2021
17, South Carolina,17642.0,343.0,2021
18, California,133119.0,337.0,2021
19, Mississippi,9906.0,333.0,2021
20, Tennessee,20254.0,297.0,2021
21, North Carolina,30318.0,289.0,2021
22, Massachusets,16566.0,240.0,2021
23, Kentucky,10416.0,233.0,2021
24, Virginia,19214.0,225.0,2021
25, New Mexico,4611.0,220.0,2021
0, Missouri,13372.0,218.0,2021
1, Hawai,2993.0,211.0,2021
2, Arkansas,6358.0,211.0,2021
3, Michigan,20556.0,206.0,2021
4, Wisconsin,11253.0,193.0,2021
5, Oregon,8016.0,190.0,2021
6, Utah,6060.0,189.0,2021
7, Connecticut,6666.0,187.0,2021
8, Indiana,11866.0,176.0,2021
9, Oklahoma,6850.0,173.0,2021
10, Washington,12917.0,170.0,2021
11, Minnesota,9457.0,168.0,2021
12, Maine,2239.0,167.0,2021
13, New Hampshire,2205.0,162.0,2021
14, West Virginia,2845.0,159.0,2021
15, Idaho,2719.0,152.0,2021
16, Vermont,825.0,132.0,2021
17, North Dakota,999.0,131.0,2021
18, Nebraska,2409.0,125.0,2021
19, Alaska,896.0,122.0,2021
20, Iowa,3758.0,119.0,2021
21, Wyoming,620.0,107.0,2021
22, Montana,1130.0,106.0,2021
23, South Dakota,673.0,76.0,2021
24,District of Columbia,4072.0,577.0,2021
25,Puerto Rico,1404.0,44.0,2021
